番号,場所,場所補足,設置タイプ,状況,sector,sub6,ミリ波,eNB-LCID,PCI,緯度,経度,color,icon
1,【5G】今治市立花町二丁目,,,open,3,3,3,"737335-1,2,3","39,347,139",34.052319,132.999271,darkblue,plane
2,【5G】今治市中寺①,今治中寺郵便局付近,,open,3,3,3,"737331-1,2,3","292,98,300",34.037485,132.991341,darkblue,plane
3,今治市桜井四丁目,志島ヶ原・綱敷天満神社付近,,open,3,-,-,"737342-7,8,9","239,168,349",34.01739436,133.0414639,green,signal
4,今治市登畑,レデイ薬局今治国分店付近,,open,3,-,-,"737352-10,11,12","136,137,135",34.019522,133.016295,green,signal
5,今治市阿方①,ファミリーマート今治阿方店付近,,open,3,-,-,"737354-4,5,6","225,227,226",34.0611983,132.9708406,green,signal
6,【5G】今治市阿方②,マックスバリュ今治阿方店付近,,open,3,1,3,"737354-1,2,3","298,179,174",34.062522,132.965313,darkblue,plane
7,今治市波止浜,ディオ今治北店付近,,open,3,-,-,"737346-7,8,9","350,178,177",34.098534,132.971486,green,signal
8,【5G】今治市大新田町五丁目,今治市営球場付近,,open,3,1,3,"737378-1,2,3","86,114,340",34.08093,132.989408,darkblue,plane
9,今治市国分三丁目,今治国分郵便局付近,,open,3,-,-,"737374-10,11,12","260,198,259",34.027089,133.019527,green,signal
10,今治市玉川町大野,ファミリーマート玉川店付近,,open,3,-,-,"737376-3,4,5","181,180,182",34.019779,132.942431,green,signal
11,【5G】今治市高橋,ファミリーマート高橋店付近,,open,3,1,3,"737363-1,2,3","356,354,355",34.0390972,132.97306,darkblue,plane
12,今治市拝志,ワールドプラザ付近,,open,3,-,-,"737360-4,5,6","197,255,238",34.0409478,133.0272956,green,signal
13,今治市中寺②,,,open,3,-,-,"737331-4,5,6","159,161,40",34.031775,132.9987931,green,signal
14,今治市松木,,,open,3,-,-,"737374-4,5,6","287,286,285",34.0292084,133.0040425,green,signal
15,今治市近見町三丁目,,,open,3,-,-,"737378-4,5,6","38,37,36",34.09090214,132.9818234,green,signal
16,今治市玉川町長谷,丸紅玉川SS付近,,open,3,-,-,"737374-7,8,9","29,322,321",34.0120999,132.9391731,green,signal
17,今治市延喜①,ワタナベデンカ付近,,open,3,-,-,"737354-10,11,12","230,229,228",34.0654794,132.9554097,green,signal
18,今治市菊間町浜①,,,open,3,-,-,"737390-3,4,5","121,122,120",34.0361873,132.8404386,green,signal
19,今治市大西町脇,ファミリーマート大西脇店付近,,open,3,-,-,"737403-7,8,9","297,298,299",34.0606629,132.9219133,green,signal
20,今治市朝倉上,,,open,3,-,-,"737424-9,10,11","113,111,145",33.97911111,133.0211944,green,signal
21,今治市宅間,コンテックスタオルガーデン付近,,open,3,-,-,"737366-1,2,3","44,43,42",34.072849,132.946229,green,signal
22,今治市喜田村一丁目,くすりのレデイ 喜田村店付近,,open,3,-,-,"737360-1,2,3","304,303,305",34.0455434,133.0195108,green,signal
23,今治市北日吉町一丁目,,,open,3,-,-,"737359-1,2,3","82,321,83",34.062963,132.989182,green,signal
24,今治市菊間町種,亀岡小学校付近,,open,2,-,-,"737360-7,8","273,274",34.05439287,132.872497,green,signal
25,今治市喜田村七丁目,,,open,3,-,-,"737373-6,7,8","327,84,79",34.0404527,133.0213116,green,signal
26,今治市古国分一丁目,,,open,2,-,-,"737344-10,11","68,7",34.03197781,133.0362827,green,signal
27,今治市吉海町本庄,,,open,3,-,-,"737374-1,2,3","162,164,163",34.1413638,133.0368765,green,signal
28,今治市郷六ヶ内町二丁目,,,open,3,-,-,"737377-1,2,3","55,185,54",34.0437521,132.9990862,green,signal
29,今治市長沢,伊予桜井漆器会館,,open,2,-,-,"737415-4,5","262,263",33.99582482,133.0448955,green,signal
30,今治市神宮,,,open,3,-,-,"737354-7,8,9","130,158,156",34.05349974,132.9546655,green,signal
31,今治市伯方町叶浦,ローソン伯方島インター店付近,,open,3,-,-,"737373-9,10,11","258,260,309",34.203739,133.075491,green,signal
32,今治市東門町三丁目,御厩公園,,open,3,-,-,"737335-4,5,6","302,300,301",34.060845,133.0117492,green,signal
33,今治市伯方町有津,,,open,3,-,-,"737424-1,2,3","35,67,33",34.20431127,133.0945193,green,signal
34,今治市延喜②,乗禅寺付近,,open,3,-,-,"737366-4,5,6","185,183,184",34.07134359,132.9590002,green,signal
35,今治市波方町樋口①,波方図書館付近,,open,3,-,-,"737425-7,8,9","325,324,326",34.098618,132.9533873,green,signal
36,今治市大西町九王①,,,open,2,-,-,"737429-4,5","152,151",34.08632447,132.9292207,green,signal
37,今治市衣干町四丁目,,,open,3,-,-,"737377-4,5,6","70,71,69",34.0462013,133.013385,green,signal
38,今治市南鳥生町二丁目,,,open,3,-,-,"737335-10,11,12","245,244,243",34.0539358,133.0103645,green,signal
39,今治市伯方町北浦,,,close,-,-,-,,,34.228256,133.095288,red,remove
40,今治市伯方町木浦,,,close,-,-,-,,,34.216757,133.117269,red,remove
41,今治市波方町樋口②,波方駅付近,,open,3,-,-,"737402-10,11,12","263,261,262",34.09407825,132.943822,green,signal
42,今治市波方町小部,,,open,3,-,-,"737422-4,5,6","277,278,276",34.10460689,132.9312806,green,signal
43,今治市大西町九王②,新来島どっく駐車場,,open,3,-,-,"737416-1,2,3","101,99,100",34.07191296,132.9276421,green,signal
44,今治市菊間町佐方,,,open,3,-,-,"737420-6,7,8","86,85,84",34.05203378,132.8842171,green,signal
45,今治市菊間町松尾,,,open,3,-,-,"737411-10,11,12","320,318,319",34.02398621,132.8650707,green,signal
46,今治市波方町西浦,,,open,2,-,-,"737421-1,2","151,71",34.13129412,132.9381817,green,signal
47,今治市大三島町浦戸,,,close,-,-,-,,,34.21934796,132.9609969,red,remove
48,今治市別名,,,open,3,-,-,"737363-4,5,6","59,58,57",34.0419167,132.97775,green,signal
49,今治市上浦町井口,料理旅館富士見園,,open,2,-,-,"737387-3,4","358,79",34.26572065,133.0415883,green,signal
50,今治市波方町郷,,,close,-,-,-,,,34.10943927,132.9596369,red,remove
51,今治市内堀一丁目,ローソン今治波止浜店,,open,3,-,-,"737410-9,10,11","75,76,77",34.10314959,132.9676539,green,signal
52,今治市波方町波方,,,open,3,-,-,"737421-3,4,5","108,134,109",34.11893521,132.9524476,green,signal
53,今治市矢田,,,open,2,-,-,"737363-7,8","40,41",34.04429086,132.9576594,green,signal
54,今治市大三島町宮浦,,,close,-,-,-,,,34.2500342,132.997692,red,remove
55,今治市大三島町宗方,宗方集会所付近,,close,-,-,-,,,34.204913,132.955906,red,remove
56,今治市吉海町八幡,,,open,3,-,-,"737428-9,10,11","361,6,326",34.14773536,133.0447027,green,signal
57,今治市吉海町仁江,,,open,3,-,-,"737411-1,2,3","147,149,148",34.14946185,133.0564226,green,signal
58,今治市宮窪町宮窪,宮窪郵便局付近,,close,-,-,-,,,34.17168034,133.0747607,red,remove
59,今治市上浦町瀬戸,,,close,-,-,-,,,34.225444,133.051405,red,remove
60,今治市上浦町甘崎,,,open,3,-,-,"737426-7,8,9","71,108,187",34.23930263,133.0508371,green,signal
61,今治市大三島町肥海,,,close,-,-,-,,,34.27508542,132.9959679,red,remove
62,今治市菊間町浜②,,,open,3,-,-,"737408-8,9,10","375,376,377",34.044968,132.85284,green,signal
63,今治市朝倉北,,,open,3,-,-,"737425-1,2,3","337,302,336",33.99733855,133.0182723,green,signal
64,今治市玉川町法界寺,常進付近,,open,2,-,-,"737420-4,5","73,72",34.02882382,132.9625587,green,signal
65,今治市八町西一丁目,,,open,3,-,-,"737377-7,8,9","50,49,48",34.0473741,132.9896964,green,signal
66,今治市菊間町高田,,,open,3,-,-,"737420-9,10,11","190,191,189",34.02626425,132.8556692,green,signal
67,今治市本町五丁目,,,open,3,-,-,"737422-1,2,3","21,41,247",34.07262033,132.9983481,green,signal
68,今治市別宮町八丁目,,,open,3,-,-,"737378-7,8,9","204,293,31",34.0732902,132.9904577,green,signal
69,今治市旭町二丁目,今治商工会議所,屋上,open,3,-,-,"737359-7,8,9","282,283,284",34.06170444,132.9998046,green,signal
70,今治市通町一丁目,辰の口公園,,open,3,-,-,"737359-10,11,12","333,334,335",34.06760907,133.0044701,green,signal
71,今治市南大門町一丁目,四国通建本社,屋上,open,3,-,-,"737359-4,5,6","166,165,167",34.06513303,132.9972789,green,signal
72,今治市国分一丁目,上徳広場公園,,open,3,-,-,"737428-1,2,3","199,242,15",34.0343434,133.0224143,green,signal
73,今治市五十嵐,,,open,3,-,-,"737331-7,8,9","353,352,351",34.0252071,132.9839116,green,signal
74,今治市鯉池町二丁目,鯉池公園,,open,3,-,-,"737377-10,11,12","269,268,267",34.05244079,132.9882371,green,signal
75,今治市土橋町一丁目,,,open,3,-,-,"737335-7,8,9","254,252,253",34.04967779,133.0049676,green,signal
76,今治市片山二丁目,,,open,3,-,-,"737363-10,11,12","90,91,92",34.05291891,132.9816801,green,signal
77,今治市波方町養老,,,open,3,-,-,"737430-7,8,9","214,213,47",34.10701097,132.9459538,green,signal
78,今治市波止浜三丁目,矢野商事,屋上,open,3,-,-,"737431-4,5,6","235,332,264",34.10775109,132.9687034,green,signal
79,【5G】新居浜市磯浦町,,,open,3,3,3,"737321-4,5,6","73,74,72",33.9545321,133.2570365,darkblue,plane
80,新居浜市本郷三丁目,,,open,3,-,-,"737319-7,8,9","59,91,378",33.93219551,133.2832708,green,signal
81,新居浜市本郷一丁目,,,open,3,-,-,"737321-1,2,3","191,4,189",33.9374925,133.2847274,green,signal
82,【5G】新居浜市阿島二丁目,ファミリーマート新居浜阿島店,,open,3,1,2,"737333-9,10,11","365,12,166",33.9762135,133.3513514,darkblue,plane
83,【5G】新居浜市神郷一丁目,,,open,3,1,2,"737319-10,11,12","18,19,20",33.96810883,133.3180752,darkblue,plane
84,【5G】新居浜市平形町,,,open,3,3,3,"737320-4,5,6","155,373,153",33.964165,133.291829,darkblue,plane
85,新居浜市郷二丁目,ワークマン南側,,open,3,-,-,"737336-4,5,6","336,209,181",33.96555624,133.3098203,green,signal
86,新居浜市荷内町,,,open,2,-,-,"737330-10,11","343,344",33.97928701,133.3737538,green,signal
87,【5G】新居浜市船木②,,,open,3,1,2,"737333-1,2,3","318,319,302",33.93531086,133.3422812,darkblue,plane
88,新居浜市宇高町三丁目,高津小学校北側,,open,3,-,-,"737340-10,11,12","207,368,208",33.97599902,133.3016462,green,signal
89,新居浜市黒島一丁目,,,open,3,-,-,"737338-1,2,3","241,359,240",33.9857091,133.3430317,green,signal
90,新居浜市上原二丁目,,,open,3,-,-,"737344-4,5,6","156,158,157",33.92128871,133.2845363,green,signal
91,新居浜市郷五丁目,ハローズ新居浜郷店,,open,3,-,-,"737348-1,2,3","16,17,15",33.95596617,133.3023737,green,signal
92,新居浜市多喜浜二丁目,ローソン新居浜多喜浜店,,open,3,-,-,"737338-4,5,6","99,100,101",33.97488899,133.3330111,green,signal
93,新居浜市庄内町一丁目,パークマンションアイワ,屋上,open,3,-,-,"737373-3,4,5","225,210,212",33.95633436,133.2868215,green,signal
94,新居浜市大生院,,,open,3,-,-,"737344-1,2,3","53,51,52",33.92128106,133.2503357,green,signal
95,新居浜市上泉町,マルナカ新居浜本店駐車場,,open,3,-,-,"737342-1,2,3","268,267,269",33.9370611,133.3097861,green,signal
96,新居浜市船木①,,,open,3,-,-,"737352-1,2,3","31,30,32",33.94015144,133.3352063,green,signal
97,新居浜市下泉町二丁目,東原自治会館・東原こども広場西側,,open,3,-,-,"737336-1,2,3","126,128,127",33.94749793,133.3081276,green,signal
98,新居浜市清水町,,,open,2,-,-,"737349-4,5","47,45",33.98181445,133.2942048,green,signal
99,新居浜市船木③,新居浜インター入口,,open,3,-,-,"737362-7,8,9","94,93,95",33.93249419,133.3258986,green,signal
100,新居浜市西原町一丁目,愛光幼児園付近,屋上,open,3,-,-,"737357-4,5,6","9,10,338",33.96326289,133.2700084,green,signal
101,新居浜市萩生,,,open,3,-,-,"737349-1,2,3","236,237,244",33.92683059,133.2710188,green,signal
102,新居浜市東雲町二丁目,,,open,3,-,-,"737396-4,5,6","22,21,23",33.96531217,133.3006054,green,signal
103,新居浜市八幡一丁目,,,open,3,-,-,"737426-4,5,6","82,38,306",33.97959697,133.3078163,green,signal
104,新居浜市中西町,,,open,3,-,-,"737342-10,11,12","220,219,221",33.92471621,133.3023816,green,signal
105,新居浜市立川町,,,open,3,-,-,"737333-4,5,6","77,76,75",33.90972193,133.3086201,green,signal
106,新居浜市船木④,,,open,3,-,-,"737398-1,2,3","258,355,281",33.93525109,133.363998,green,signal
107,新居浜市坂井町三丁目,,,open,3,-,-,"737400-10,11,12","245,348,349",33.947872,133.295115,green,signal
108,新居浜市松木町,,,open,3,-,-,"737402-1,2,3","266,264,265",33.941627,133.29243,green,signal
109,新居浜市東田二丁目,,,open,3,-,-,"737401-7,8,9","273,203,202",33.94150986,133.3191991,green,signal
110,新居浜市久保田町二丁目,四国通建新居浜営業所,,open,3,-,-,"737430-10,11,12","79,80,78",33.955483,133.2772087,green,signal
111,新居浜市垣生三丁目,,,open,3,-,-,"737413-3,4,5","104,102,103",33.980928,133.322259,green,signal
112,新居浜市若水町二丁目,,屋上,open,3,-,-,"737410-3,4,5","324,91,278",33.967677,133.280802,green,signal
113,新居浜市繁本町,新居浜電気ビル,,open,2,-,-,"737414-4,5","293,292",33.96244827,133.2787902,green,signal
114,【屋内】新居浜市前田町,エディオンイオンモール新居浜店,屋内,open,1,-,-,747280-1,404,33.9535571,133.2698923,green,home
115,新居浜市宮原町,,,open,3,-,-,"737423-10,11,12","283,284,372",33.93056968,133.3010198,green,signal
116,新居浜市萩生②,滝の宮カントリークラブ,屋上,open,3,-,-,"737433-4,5,6","217,186,299",33.94111051,133.2676766,green,signal
117,西条市坂元甲,,,open,3,-,-,"737346-4,5,6","246,247,248",33.89363,133.151582,green,signal
118,西条市円海寺,周桑病院付近,,open,3,-,-,"737342-4,5,6","312,313,65",33.933806,133.073914,green,signal
119,西条市丹原町丹原,,,open,3,-,-,"737346-10,11,12","261,223,56",33.90414,133.064154,green,signal
120,西条市玉之江,玉之江駅付近,,open,3,-,-,"737346-1,2,3","87,134,133",33.9107215,133.0972945,green,signal
121,西条市中野乙,,,open,2,-,-,"737356-7,8","81,295",33.888489,133.1911735,green,signal
122,【5G】西条市福武甲①,,,open,3,1,2,"737357-7,8,9","167,166,165",33.9121601,133.2018324,darkblue,plane
123,西条市飯岡①,,,open,3,-,-,"737362-1,2,3","201,140,310",33.917873,133.2206,green,signal
124,西条市飯岡②,,,open,3,-,-,"737358-4,5,6","227,144,145",33.9201648,133.236619,green,signal
125,西条市樋之口①,ローソン西条樋之口店,,open,3,-,-,"737355-6,7,8","343,342,322",33.919174,133.161404,green,signal
126,西条市壬生川,,,open,3,-,-,"737352-4,5,6","324,44,160",33.9398133,133.0835363,green,signal
127,西条市船屋甲,,,open,3,-,-,"737356-4,5,6","116,297,85",33.935228,133.208546,green,signal
128,西条市小松町明穂,リンリンパークー隣,,open,3,-,-,"737376-9,10,11","365,294,346",33.876541,133.064538,green,signal
129,西条市丹原町志川,ローソン西条丹原店,,open,3,-,-,"737361-7,8,9","63,64,173",33.857466,133.023346,green,signal
130,【5G】西条市安知生,,,open,3,1,2,"737357-1,2,3","18,19,326",33.8970493,133.1689332,darkblue,plane
131,西条市河原津,,,open,2,-,-,"737381-1,2","25,24",33.968964,133.066656,green,signal
132,西条市下島山甲,,,open,3,-,-,"737370-4,5,6","143,141,142",33.9265304,133.2060967,green,signal
133,西条市小松町南川,,,open,3,-,-,"737376-6,7,8","375,157,222",33.89581127,133.1032041,green,signal
134,西条市禎瑞,補陀洛寺駐車場,,open,3,-,-,"737356-9,10,11","120,257,112",33.91175566,133.1503348,green,signal
135,西条市朔日市,,,open,3,-,-,"737362-4,5,6","367,323,48",33.93282124,133.1896902,green,signal
136,西条市丹原町長野,,,open,3,-,-,"737358-7,8,9","151,152,150",33.87636689,133.0427248,green,signal
137,西条市福武甲②,,,open,3,-,-,"737356-1,2,3","148,147,149",33.90764488,133.1946505,green,signal
138,西条市港,,,open,2,-,-,"737357-10,11","88,122",33.93406556,133.1623972,green,signal
139,西条市丹原町田滝,,,open,3,-,-,"737361-1,2,3","36,241,38",33.87977632,133.0151244,green,signal
140,西条市丹原町来見,丹原西中学校付近,,open,3,-,-,"737361-4,5,6","251,249,250",33.8665348,133.0261403,green,signal
141,西条市今在家,佐川急便東予営業所,,open,3,-,-,"737379-7,8,9","341,325,339",33.92505301,133.1204327,green,signal
142,西条市国安,,,open,3,-,-,"737381-3,4,5","224,3,34",33.94335516,133.0582863,green,signal
143,西条市楠,,,open,3,-,-,"737380-3,4,5","49,13,221",33.97183132,133.050456,green,signal
144,【5G】西条市大浜,,,open,2,2,2,"737380-6,7","348,179",33.90663045,133.2283247,darkblue,plane
145,西条市三芳,,,open,3,-,-,"737381-9,10,11","61,83,46",33.95196337,133.0628474,green,signal
146,西条市兎之山乙,,,open,2,-,-,"737358-10,11","198,200",33.88025639,133.1633497,green,signal
147,【5G】西条市樋之口②,,,open,3,3,3,"737383-10,11,12","206,205,204",33.91567299,133.1713844,darkblue,plane
148,西条市河之内,,,open,2,-,-,"737385-1,2","62,186",33.93637054,133.0311629,green,signal
149,西条市樋之口③,四国通建西条営業所,,open,3,-,-,"737388-1,2,3","321,323,322",33.92774019,133.1736317,green,signal
150,西条市小松町新屋敷,ローソン西条氷見小松店隣,,close,-,-,-,,,33.89720735,133.119936,red,remove
151,西条市新町,,,open,3,-,-,"737395-6,7,8","59,58,57",33.93489012,133.0510071,green,signal
152,西条市神拝乙,,屋上,open,3,-,-,"737397-7,8,9","287,286,285",33.92640373,133.178857,green,signal
153,西条市大町①,いしづち森林組合,屋上,open,3,-,-,"737411-7,8,9","161,154,336",33.90534376,133.1862783,green,signal
154,西条市神拝甲,ＪＡえひめ未来西条支所,屋上,open,3,-,-,"737418-1,2,3","125,124,123",33.91780864,133.1774173,green,signal
155,西条市玉津,パルティ・フジ西条玉津,,open,3,-,-,"737412-9,10,11","183,185,184",33.92988623,133.2016723,green,signal
156,西条市氷見丙,,,open,3,-,-,"737414-1,2,3","361,362,360",33.89203664,133.1330672,green,signal
157,西条市三津屋東,,,open,3,-,-,"737417-1,2,3","28,348,29",33.9370458,133.0924786,green,signal
158,西条市大町②,エクストールイン西条駅前,屋上,open,3,-,-,"737423-4,5,6","252,272,289",33.91352636,133.1899839,green,signal
159,西条市早川,,,open,2,-,-,"737409-9,10","235,61",33.90285779,133.2358917,green,signal
160,西条市小松町妙口,,,close,,,,,,33.88276719,133.0874754,red,remove
161,四国中央市下柏町①,,,open,3,-,-,"737305-1,2,3","65,174,175",33.98864275,133.5644929,green,signal
162,四国中央市中曽根町①,三島公園北・中田井浄水場付近,,open,2,-,-,"737317-1,2","217,216",33.974417,133.558065,green,signal
163,四国中央市土居町野田,,,open,3,-,-,"737319-1,2,3","207,184,122",33.9635413,133.4633239,green,signal
164,四国中央市土居町入野,,,open,3,-,-,"737316-10,11,12","351,353,190",33.9542499,133.4183999,green,signal
165,四国中央市土居町小林,コメリ土居店付近,,open,3,-,-,"737320-1,2,3","301,6,8",33.9572666,133.4373221,green,signal
166,四国中央市寒川町①,,,open,3,-,-,"737308-1,2,3","337,273,275",33.9691708,133.5195612,green,signal
167,四国中央市土居町津根①,,,open,3,-,-,"737319-4,5,6","299,372,346",33.9608947,133.4547622,green,signal
168,四国中央市土居町天満,,,open,3,-,-,"737330-4,5,6","176,169,366",33.9748981,133.4233523,green,signal
169,四国中央市中之庄町②,,,open,2,-,-,"737332-1,2","80,369",33.974409,133.536587,green,signal
170,四国中央市村松町,,,open,3,-,-,"737305-4,5,6","306,41,196",33.993786,133.559159,green,signal
171,四国中央市下柏町②,ファミリーマート四国中央大柏店,,open,3,-,-,"737305-7,8,9","140,139,138",33.98461163,133.5583611,green,signal
172,四国中央市金生町下分①,,,open,3,-,-,"737350-10,11,12","105,163,227",33.99905371,133.5750186,green,signal
173,四国中央市川之江町②,,,open,3,-,-,"737350-1,2,3","87,88,89",34.0188553,133.576226,green,signal
174,四国中央市川滝町下山,,,open,2,-,-,"737351-8,9","182,0",33.9907438,133.6229895,green,signal
175,四国中央市寒川町②,,,open,3,-,-,"737394-4,5,6","48,50,49",33.968875,133.5064887,green,signal
176,四国中央市中之庄町①,,,open,3,-,-,"737332-4,5,6","29,28,27",33.973999,133.532665,green,signal
177,四国中央市川之江町①,,,open,3,-,-,"737350-7,8,9","230,229,228",34.0113316,133.5720768,green,signal
178,四国中央市川之江町長須,,,open,2,-,-,"737351-6,7","231,232",34.0334112,133.5872052,green,signal
179,四国中央市三島中央一丁目,フジ三島店,,open,3,-,-,"737368-1,2,3","211,210,212",33.98262739,133.5396531,green,signal
180,四国中央市金田町半田,,,open,3,-,-,"737364-1,2,3","195,283,197",33.99377444,133.611346,green,signal
181,四国中央市金田町金川①,,,open,3,-,-,"737362-10,11,12","339,368,367",33.98955401,133.5958834,green,signal
182,四国中央市妻鳥町①,伊予三島IC付近,,open,3,-,-,"737379-10,11,12","281,292,120",33.98302268,133.5757826,green,signal
183,四国中央市妻鳥町②,フジグラン川之江店,,open,3,-,-,"737355-1,2,3","203,202,330",33.99308142,133.5757081,green,signal
184,四国中央市金生町山田井,,,open,3,-,-,"737350-4,5,6","63,152,64",34.0197394,133.6059396,green,signal
185,四国中央市川之江町③,,,open,2,-,-,"737351-4,5","300,215",34.01281203,133.5904224,green,signal
186,四国中央市土居町藤原,,,open,3,-,-,"737330-1,2,3","330,50,142",33.9717172,133.4421978,green,signal
187,【5G】四国中央市妻鳥町③,,,open,2,1,2,"737349-9,10","204,206",33.9766472,133.5801501,darkblue,plane
188,四国中央市寒川町③,,,open,3,-,-,"737391-1,2,3","44,42,43",33.9627472,133.5195571,green,signal
189,四国中央市土居町上野,,,open,3,-,-,"737398-9,10,11","40,4,261",33.94709785,133.3909629,green,signal
190,四国中央市中曽根町②,セントラルマンションS,屋上,open,3,-,-,"737393-1,2,3","341,157,342",33.97845761,133.5508908,green,signal
191,四国中央市金田町金川②,,,ready,2,-,-,,,33.97840377,133.598057,orange,wrench
192,四国中央市妻鳥町④,,,open,3,-,-,"737402-7,8,9","95,214,213",33.99641321,133.5679592,green,signal
193,四国中央市三島宮川四丁目,リュウグウ,屋上,open,3,-,-,"737393-4,5,6","158,67,156",33.98262384,133.5504513,green,signal
194,四国中央市川之江町④,,,open,3,-,-,"737415-9,10,11","135,136,254",34.005859,133.5686947,green,signal
195,四国中央市金生町下分②,,,open,3,-,-,"737419-10,11,12","142,141,143",34.00441247,133.5799997,green,signal
196,四国中央市豊岡町大町,,,open,3,-,-,"737403-1,2,3","355,242,252",33.9613709,133.4853164,green,signal
197,四国中央市土居町津根②,,屋上,open,3,-,-,"737400-4,5,6","55,362,318",33.97386878,133.4558247,green,signal
198,四国中央市上分町,,,open,3,-,-,"737406-4,5,6","201,224,226",33.99516912,133.5830551,green,signal
199,越智郡上島町岩城①,,,open,3,-,-,"737430-4,5,6","237,239,82",34.26933428,133.1468893,green,signal
200,越智郡上島町弓削佐島,,,ready,3,-,-,,,34.252508,133.188911,orange,wrench
201,越智郡上島町岩城②,,,open,2,-,-,"737409-7,8","14,175",34.24443918,133.1433249,green,signal
202,越智郡上島町生名①,,,open,3,-,-,"737400-7,8,9","177,286,26",34.2668426,133.1849265,green,signal
203,越智郡上島町弓削上弓削,,,ready,2,-,-,,,34.27640993,133.2097662,orange,wrench
204,越智郡上島町弓削下弓削,,,ready,-,-,-,,,34.259628,133.203011,orange,wrench
205,越智郡上島町生名②,,,ready,3,-,-,"737402-4,5,6","-,51,338",34.27327121,133.1725673,orange,wrench
206,松山市東方町,,,open,3,-,-,"737292-4,5,6","221,219,220",33.7713417,132.8152126,green,signal
207,松山市平和通三丁目,四国通建ビル,屋上,open,3,-,-,"737302-1,2,3","301,300,302",33.8478096,132.7657555,green,signal
208,松山市清住一丁目,,,open,3,-,-,"737282-7,8,9","140,138,139",33.8536943,132.7166716,green,signal
209,松山市鷹子町,,,open,3,-,-,"737284-4,5,6","6,308,7",33.815409,132.8110742,green,signal
210,松山市中野町,,,open,3,-,-,"737292-1,2,3","35,34,33",33.7776925,132.8327865,green,signal
211,松山市北久米町,,,open,3,-,-,"737284-7,8,9","84,85,86",33.817731,132.799096,green,signal
212,松山市三津三丁目,,,open,3,-,-,"737282-1,2,3","23,22,21",33.862073,132.714348,green,signal
213,松山市東長戸一丁目,,,open,3,-,-,"737309-1,2,3","329,64,285",33.8679469,132.7517463,green,signal
214,松山市大浦,,,open,2,-,-,"737313-7,8","296,295",33.999727,132.773055,green,signal
215,松山市森松町①,伊予銀行森松支店,,open,3,-,-,"737328-1,2,3","78,283,284",33.7913981,132.7906268,green,signal
216,【5G】松山市森松町②,,,open,3,1,2,"737286-4,5,6","277,278,276",33.7910596,132.7967092,darkblue,plane
217,松山市南高井町,,,open,3,-,-,"737284-10,11,12","182,181,180",33.7897788,132.8238126,green,signal
218,松山市来住町,,,open,3,-,-,"737314-1,2,3","231,311,361",33.8089968,132.803559,green,signal
219,松山市朝生田町二丁目,,,open,3,-,-,"737327-4,5,6","92,90,91",33.822484,132.76919,green,signal
220,松山市小栗二丁目,,,open,3,-,-,"737325-4,5,6","172,65,63",33.826208,132.761086,green,signal
221,松山市東石井六丁目,ローソン松山東石井六丁目店,,open,3,-,-,"737301-1,2,3","312,314,313",33.8133457,132.7781011,green,signal
222,松山市和泉南二丁目,,,open,3,-,-,"737290-1,2,3","348,349,350",33.8159314,132.7616821,green,signal
223,【5G】松山市古川南三丁目,,,open,3,1,2,"737285-1,2,3","129,131,130",33.8050134,132.7656277,darkblue,plane
224,松山市今在家一丁目,,,open,3,-,-,"737289-1,2,3","32,31,30",33.808689,132.793041,green,signal
225,松山市水泥町,,,open,3,-,-,"737286-7,8,9","0,1,2",33.8050128,132.8239532,green,signal
226,松山市北斎院町①,,,open,3,-,-,"737299-4,5,6","271,272,270",33.83723,132.739155,green,signal
227,松山市宮西一丁目①,,,open,3,-,-,"737299-1,2,3","29,141,28",33.844819,132.752787,green,signal
228,松山市北井門二丁目,,,open,3,-,-,"737310-1,2,3","267,269,268",33.804465,132.780298,green,signal
229,松山市立花二丁目,,,open,3,-,-,"737325-7,8,9","195,197,196",33.827734,132.773252,green,signal
230,【5G】松山市畑寺二丁目,,,open,3,1,2,"737295-1,2,3","247,246,248",33.8302281,132.7967697,darkblue,plane
231,松山市三番町三丁目,,,open,3,-,-,"737304-10,11","147,149",33.837997,132.76826,green,signal
232,【5G】松山市中村一丁目,,,open,3,1,1,"737314-4,5,6","15,17,16",33.83420405,132.7787598,darkblue,plane
233,松山市樽味四丁目,フジ広告第3ビル,,open,3,-,-,"737327-7,8,9","193,162,299",33.838476,132.785615,green,signal
234,松山市道後喜多町,,,open,3,-,-,"737323-10,11,12","242,240,241",33.850609,132.782662,green,signal
235,【5G】松山市祝谷二丁目,,,open,3,1,2,"737318-1,2,3","125,307,306",33.85620485,132.7784798,darkblue,plane
236,松山市道後樋又,,,open,3,-,-,"737327-1,2,3","152,213,151",33.852056,132.775109,green,signal
237,松山市井門町,,,open,3,-,-,"737329-1,2,3","94,95,93",33.7978154,132.7847602,green,signal
238,松山市居相二丁目,,,open,3,-,-,"737285-4,5,6","167,165,166",33.8086306,132.7705846,green,signal
239,【5G】松山市高井町,,,open,3,1,2,"737284-1,2,3","315,316,317",33.798337,132.80772,darkblue,plane
240,松山市石手白石,,,open,3,-,-,"737326-4,5,6","291,293,292",33.8447836,132.8044877,green,signal
241,松山市束本一丁目,,,open,3,-,-,"737314-10,11,12","71,70,69",33.8348267,132.7866768,green,signal
242,松山市市坪南一丁目,,,open,3,-,-,"737293-1,2,3","68,66,67",33.80814471,132.7530878,green,signal
243,【5G】松山市東野五丁目,,,open,3,3,3,"737295-7,8,9","238,239,237",33.8368255,132.8006938,darkblue,plane
244,松山市余戸中二丁目,,,open,3,-,-,"737312-4,5,6","331,330,332",33.813358,132.728678,green,signal
245,松山市南吉田町①,,,open,3,-,-,"737312-7,8,9","201,203,202",33.827539,132.71503,green,signal
246,松山市保免中三丁目,,,open,3,-,-,"737316-4,5,6","372,374,373",33.81534,132.745773,green,signal
247,松山市大可賀三丁目,,,open,3,-,-,"737283-1,2,3","136,137,135",33.8472348,132.7031812,green,signal
248,【5G】松山市西垣生町①,,,open,3,1,2,"737312-10,11,12","120,122,121",33.81009,132.704065,darkblue,plane
249,松山市西垣生町②,空港南,,open,3,-,-,"737315-6,7,8","59,44,43",33.819831,132.703194,green,signal
250,松山市空港通一丁目,,,open,3,-,-,"737312-1,2,3","83,82,81",33.829527,132.749294,green,signal
251,松山市北吉田町,,,open,3,-,-,"737313-1,2,3","339,341,340",33.834298,132.710536,green,signal
252,松山市北藤原町,,屋上,open,3,-,-,"737325-10,11,12","223,224,222",33.833842,132.759668,green,signal
253,松山市大手町二丁目,,屋上,open,3,-,-,"737295-10,11,12","288,290,289",33.839937,132.754141,green,signal
254,松山市中央一丁目,,屋上,open,2,-,-,"737299-7,8","156,352",33.852893,132.753673,green,signal
255,松山市別府町,,,open,2,-,-,"737282-10,11","75,77",33.844242,132.721322,green,signal
256,松山市山西町,,,open,3,-,-,"737282-4,5,6","24,25,26",33.849767,132.733195,green,signal
257,松山市小川,,,open,3,-,-,"737298-1,2,3","102,103,104",33.928143,132.764324,green,signal
258,松山市鹿峰,,,open,3,-,-,"737307-1,2,3","84,160,179",33.9425777,132.770301,green,signal
259,松山市下難波,,,open,3,-,-,"737315-9,10,11","72,143,142",33.9838586,132.7767555,green,signal
260,松山市北条辻,,,open,3,-,-,"737313-9,10,11","374,322,167",33.9622616,132.7770903,green,signal
261,松山市中西内,北条北中学校付近,,open,3,-,-,"737316-1,2,3","50,192,166",33.971697,132.783799,green,signal
262,松山市末町,ローソン松山末町店,,open,3,-,-,"737324-1,2,3","179,177,178",33.863463,132.81788,green,signal
263,松山市正岡神田,,,open,3,-,-,"737313-4,5,6","329,66,328",33.969059,132.805791,green,signal
264,松山市久万ノ台①,松山西中等教育学校付近,,open,3,-,-,"737314-7,8,9","334,333,335",33.861325,132.739088,green,signal
265,松山市内浜町,,,open,3,-,-,"737323-1,2,3","39,173,232",33.8644444,132.7267037,green,signal
266,松山市山越四丁目,シャンシュール山越,,open,3,-,-,"737309-4,5,6","47,45,46",33.86407,132.756708,green,signal
267,松山市美沢二丁目,,,open,3,-,-,"737300-1,2,3","366,367,368",33.849724,132.744648,green,signal
268,松山市吉藤五丁目,,,open,3,-,-,"737297-1,2,3","119,117,118",33.8725162,132.7622333,green,signal
269,松山市馬木町,,,open,3,-,-,"737288-10,11,12","10,9,11",33.8909679,132.7447306,green,signal
270,松山市太山寺町①,ローソン松山太山寺町店付近,,open,3,-,-,"737288-4,5,6","168,170,169",33.890551,132.735974,green,signal
271,松山市太山寺町②,太山寺幼稚園付近,,open,3,-,-,"737288-1,2,3","175,176,174",33.8921391,132.7283058,green,signal
272,松山市堀江町①,堀江駅,,open,3,-,-,"737287-4,5,6","186,187,41",33.9059446,132.7531456,green,signal
273,松山市河野別府,河野小学校付近,,open,3,-,-,"737315-1,2,3","0,1,323",33.9493765,132.7835923,green,signal
274,松山市福音寺町,,,open,3,-,-,"737304-1,2,3","347,60,310",33.8227348,132.7809329,green,signal
275,松山市下伊台町①,,,open,2,-,-,"737321-10,11","98,97",33.875913,132.796452,green,signal
276,【5G】松山市白水台六丁目,,,open,3,1,2,"737322-1,2,3","281,280,279",33.875951,132.778934,darkblue,plane
277,【5G】松山市下伊台町②,向陽ハイツ・西法寺付近,,open,3,3,3,"737321-7,8,9","171,214,260",33.874643,132.805403,darkblue,plane
278,松山市余戸東一丁目,,,open,3,-,-,"737336-7,8,9","377,375,376",33.815238,132.739449,green,signal
279,松山市湯の山八丁目,,,open,2,-,-,"737324-7,8","37,194",33.872366,132.817743,green,signal
280,松山市一番町一丁目,松山一番町ビル,屋上,open,3,-,-,"737304-7,8,9","200,198,199",33.841927,132.774554,green,signal
281,松山市浅海原,,,open,3,-,-,"737316-7,8,9","127,128,126",34.0087949,132.8007475,green,signal
282,松山市浄瑠璃町,,,open,2,-,-,"737291-1,2","57,58",33.749912,132.823354,green,signal
283,松山市平井町,平井集会所,,open,3,-,-,"737325-1,2,3","110,108,109",33.807028,132.830691,green,signal
284,松山市高野町,,,open,3,-,-,"737344-7,8,9","19,281,18",33.8542543,132.8101139,green,signal
285,松山市小川谷,,,open,3,-,-,"737298-4,5,6","138,139,140",33.92904,132.78689,green,signal
286,松山市福角町,,,open,3,-,-,"737287-1,2,3","112,48,356",33.90213,132.76381,green,signal
287,松山市勝岡町,,,open,3,-,-,"737288-7,8,9","87,89,88",33.89934,132.72775,green,signal
288,松山市高浜町一丁目,,屋上,open,3,-,-,"737327-10,11,12","253,254,252",33.87791,132.70362,green,signal
289,【5G】松山市南白水三丁目,,,open,3,3,3,"737326-1,2,3","190,191,189",33.86798,132.78911,darkblue,plane
290,松山市祝谷東町,,,open,2,-,-,"737295-4,5","264,265",33.85757,132.79019,green,signal
291,【5G】松山市土居田町①,,,open,3,1,2,"737324-9,10,11","56,55,54",33.8200251,132.7438059,darkblue,plane
292,松山市問屋町,,,open,3,-,-,"737309-10,11,12","282,61,62",33.864536,132.750225,green,signal
293,松山市山越一丁目,,,open,3,-,-,"737309-7,8,9","325,324,326",33.857221,132.7590543,green,signal
294,松山市谷町,,,open,3,-,-,"737323-4,5,6","32,315,316",33.88005561,132.7536683,green,signal
295,松山市高岡町,愛麺,屋上,open,2,-,-,"737326-7,8","5,3",33.82890032,132.725997,green,signal
296,松山市北斎院町②,,,open,2,-,-,"737315-4,5","343,342",33.83685638,132.7273841,green,signal
297,【5G】松山市南斎院町,,,open,2,1,2,"737311-1,2","338,337",33.8454852,132.7312977,darkblue,plane
298,松山市北梅本町①,,,open,3,-,-,"737286-1,2,3","259,258,260",33.80880453,132.8576238,green,signal
299,松山市窪野町,,,open,3,-,-,"737323-7,8,9","216,218,217",33.73775877,132.846971,green,signal
300,松山市北梅本町②,,,open,3,-,-,"737391-4,5,6","163,164,192",33.8053752,132.8432565,green,signal
301,松山市針田町,,,open,3,-,-,"737384-10,11,12","251,249,250",33.82523052,132.7373323,green,signal
302,松山市西石井二丁目,,,open,3,-,-,"737301-4,5,6","89,87,88",33.81856524,132.7726035,green,signal
303,松山市松末二丁目,,,open,3,-,-,"737286-10,11,12","243,245,244",33.82452506,132.7905841,green,signal
304,松山市古三津六丁目,,,open,3,-,-,"737283-4,5,6","369,371,370",33.85650251,132.7211284,green,signal
305,松山市安城寺町,,屋上,open,3,-,-,"737391-7,8,9","52,51,53",33.8740798,132.7414818,green,signal
306,【屋内】松山市大街道一丁目,楽天モバイル松山大街道店内,屋内,open,1,-,-,747281-1,404,33.8377225,132.7702389,green,home
307,【屋内】松山市宮西一丁目②,エディオン松山本店内,屋内,open,1,-,-,"747282-1,2","404,405",33.84446215,132.7520179,green,home
308,松山市由良町,,,close,-,-,-,,,33.90309086,132.6819445,red,remove
309,松山市石手二丁目,,,open,3,-,-,"737395-1,2,3","185,184,183",33.84800698,132.7992,green,signal
310,松山市中島大浦,,,close,-,-,-,,,33.9750118,132.6293339,red,remove
311,松山市中島粟井,,,close,-,-,-,,,33.99360952,132.6402727,red,remove
312,松山市富久町,富久団地内,,open,3,-,-,"737398-4,5,6","204,325,119",33.8244339,132.7240188,green,signal
313,松山市南江戸五丁目,福岡マンション,屋上,open,3,-,-,"737299-10,11,12","45,46,47",33.84129607,132.7462756,green,signal
314,松山市高浜町五丁目,,,open,2,-,-,"737283-7,8","17,16",33.88801191,132.7035985,green,signal
315,松山市西垣生町,,,close,-,-,-,,,33.81533501,132.7093685,red,remove
316,松山市萩原,チサンカントリークラブ北条駐車場,,close,-,-,-,,,33.99392726,132.8273161,red,remove
317,松山市一番町三丁目,センターポイントビル,屋上,open,2,-,-,"737416-4,5","364,57",33.84149401,132.7689644,green,signal
318,松山市平和通二丁目,KITA Building,屋上,open,3,-,-,"737403-10,11,12","125,123,124",33.84736109,132.7704809,green,signal
319,松山市堀江町②,,,open,3,-,-,"737437-4,5,6","55,3,350",33.90280041,132.744457,green,signal
320,松山市木屋町二丁目,アクティブ木屋町,屋上,open,3,-,-,"737302-4,5,6","103,177,305",33.85058402,132.7593792,green,signal
321,松山市北斎院町③,,,open,3,-,-,"737426-1,2,3","335,160,60",33.8351552,132.7344692,green,signal
322,松山市古三津三丁目,,,open,3,-,-,"737422-10,11,12","319,318,320",33.85922485,132.7313673,green,signal
323,松山市東垣生町,松山空港制限表面のため高さ制限あり,,open,3,-,-,"737430-1,2,3","1,2,3",33.81464142,132.7145371,green,signal
324,松山市泉町,ラ・ロンコントル泉町,屋上,open,3,-,-,"737304-4,5,6","205,204,206",33.83259513,132.7666123,green,signal
325,松山市土居田町②,,,open,3,-,-,"737428-6,7,8","207,192,208",33.82116476,132.7496601,green,signal
326,松山市千舟町五丁目,New Grand Building,屋上,open,3,-,-,"737429-8,9,10",14230941,33.83655245,132.7627094,green,signal
327,松山市高山町,,,open,3,-,-,"737283-10,11,12","209,208,207",33.86848607,132.7239586,green,signal
328,松山市新浜町,,屋上,open,2,-,-,"737439-9,10","2,146",33.87026497,132.7134649,green,signal
329,松山市西長戸町,,,open,3,-,-,"737432-1,2,3","58,321,374",33.86622759,132.745101,green,signal
330,松山市久谷町,,,close,3,-,-,,,33.73794905,132.8306721,red,remove
331,松山市三町三丁目,仙波マンション,屋上,open,3,-,-,"737440-4,5,6","22,336,359",33.82400447,132.8004874,green,signal
332,松山市久米窪田町,,,open,3,-,-,"737432-4,5,6","105,344,13",33.80718178,132.814699,green,signal
333,松山市市坪北二丁目,,,open,3,-,-,"737293-4,5,6","93,94,95",33.8134448,132.752258,green,signal
334,松山市石手四丁目,グリーンハイツ石手,屋上,open,3,-,-,"737432-10,11,12","321,323,322",33.8427755,132.7909155,green,signal
335,松山市菅沢町,,,close,-,-,-,,,33.90338708,132.8114884,red,remove
336,松山市住吉一丁目,Royal Annex ベイフロント,屋上,open,3,-,-,"737439-4,5,6","56,55,54",33.86433948,132.7180098,green,signal
337,松山市北持田町,ピリカコスモス北持田,屋上,open,3,-,-,"737432-7,8,9","279,172,323",33.84550992,132.7783105,green,signal
338,松山市南吉田町②,松山空港ビル,屋上,open,3,-,-,"737434-4,5,6","34,345,35",33.8295654,132.7035721,green,signal
339,松山市久万ノ台②,吉永企業グループ,屋上,open,3,-,-,"737300-4,5,6","286,287,285",33.85688741,132.7432927,green,signal
340,松山市湊町八丁目,,屋上,open,3,-,-,"737439-1,2,3","88,320,36",33.83511367,132.7525979,green,signal
341,松山市道後多幸町,道後館,屋上,open,3,-,-,"737437-1,2,3","135,137,136",33.85344406,132.784594,green,signal
342,松山市南梅本町,,,open,3,-,-,"737440-9,10,11","254,5,3",33.80257,132.8341964,green,signal
343,【5G】伊予市中村,,,open,3,1,2,"737337-4,5,6","346,53,336",33.737511,132.693172,darkblue,plane
344,伊予市灘町,マルナカ伊予店付近,,open,2,-,-,"737338-7,8","263,27",33.757644,132.698445,green,signal
345,伊予市宮下,,,open,3,-,-,"737340-1,2,3","13,12,14",33.783577,132.761148,green,signal
346,伊予市下三谷①,,,open,3,-,-,"737337-7,8,9","100,101,99",33.770622,132.719528,green,signal
347,伊予市米湊②,港南中学校付近,,open,3,-,-,"737340-7,8,9","208,209,207",33.75072,132.706721,green,signal
348,伊予市上三谷,,,open,3,-,-,"737340-4,5,6","157,362,360",33.765263,132.739221,green,signal
349,伊予市大平①,犬寄大橋付近,,open,3,-,-,"737370-1,2,3","170,169,168",33.7015145,132.7074444,green,signal
350,伊予市米湊①,,,open,3,-,-,"737337-1,2,3","188,186,187",33.756845,132.707499,green,signal
351,伊予市双海町串,,,open,2,-,-,"737394-7,8","35,52",33.65192,132.57975,green,signal
352,伊予市双海町上灘,,,open,2,-,-,"737408-6,7","357,110",33.68778,132.63647,green,signal
353,伊予市下三谷②,ファミリーマート伊予下三谷店付近,,open,3,-,-,"737381-6,7,8","134,80,133",33.76498126,132.7250647,green,signal
354,伊予市上吾川,,,open,3,-,-,"737375-7,8,9","176,145,210",33.75651149,132.7190465,green,signal
355,【5G】伊予市大平②,,,open,2,1,2,"737376-1,2","316,299",33.72279448,132.7084383,darkblue,plane
356,伊予市本郡,,,open,2,-,-,"737338-9,10","286,46",33.74928401,132.6885372,green,signal
357,伊予市双海町高野川,,,open,2,-,-,"737421-6,7","217,236",33.70590325,132.6635064,green,signal
358,伊予市下唐川,,,open,2,-,-,"737408-1,2","334,333",33.72241599,132.7375341,green,signal
359,伊予市中山町中山①,,,close,-,-,-,,,33.67055919,132.6956935,red,remove
360,伊予市八倉,,,open,3,-,-,"737407-7,8,9","76,126,128",33.7860416,132.7695543,green,signal
361,伊予市中山町中山丑,ローソン 伊予中山町店,,close,-,-,-,,,33.63529325,132.7083571,red,remove
362,伊予市大平乙,,,ready,3,-,-,,,33.71121185,132.7108261,orange,wrench
363,伊予市中山町中山②,,,close,-,-,-,,,33.64208716,132.673187,red,remove
364,伊予市双海町高岸,,,open,2,-,-,"737418-10,11","105,296",33.682436,132.632981,green,signal
365,伊予市下吾川,,,open,3,-,-,"737434-10,11,12","280,225,248",33.76613933,132.7057475,green,signal
366,東温市則之内①,,,open,2,-,-,"737417-4,5","32,30",33.795516,132.950761,green,signal
367,【5G】東温市則之内②,,,open,2,1,2,"737435-4,5","218,94",33.79352,132.931501,darkblue,plane
368,東温市北野田,,,open,3,-,-,"737371-1,2,3","72,73,74",33.7928904,132.8412094,green,signal
369,東温市田窪①,香積寺駐車場,,open,3,-,-,"737382-1,2,3","356,142,183",33.792503,132.863218,green,signal
370,東温市下林,旭食品松山支店付近,,open,3,-,-,"737372-1,2,3","241,23,132",33.77229967,132.884171,green,signal
371,【5G】東温市松瀬川①,,,open,3,1,2,"737383-1,2,3","321,322,323",33.80531136,132.9223369,darkblue,plane
372,東温市上村,,,open,3,-,-,"737386-1,2,3","174,175,287",33.77637475,132.8487931,green,signal
373,東温市見奈良,,,open,3,-,-,"737382-4,5,6","226,227,225",33.79231606,132.882263,green,signal
374,【5G】東温市上林,,,open,2,1,2,"737372-4,5","304,305",33.75296068,132.8858313,darkblue,plane
375,東温市則之内③,,,open,2,-,-,"737396-7,8","228,229",33.79190229,132.9195028,green,signal
376,東温市北方,,,open,3,-,-,"737425-4,5,6","246,235,248",33.80272458,132.8948161,green,signal
377,東温市則之内④,,,open,2,-,-,"737413-1,2","87,88",33.76862067,132.915854,green,signal
378,【衛星】東温市山之内①,吾味集落,衛星,open,1,-,-,742213-1,1,33.86515386,132.921991,green,globe
379,【衛星】東温市山之内②,柚ノ木集落,衛星,ready,1,-,-,,,33.86002344,132.9257547,orange,globe
380,東温市志津川,ローソン 東温志津川店付近,,open,3,-,-,"737382-7,8,9","329,327,328",33.80047736,132.8710169,green,signal
381,東温市南方,川内マンション,屋上,open,3,-,-,"737431-1,2,3","310,311,309",33.79906863,132.9095777,green,signal
382,【au共用】東温市山之内③,,au共用,open,1,-,-,742226-1,1,33.86254103,132.9259596,green,adjust
383,【ピコセル】東温市樋口,,ピコセル,open,1,-,-,752280-1,387,33.8058106,132.8831443,green,folder-close
384,【衛星】東温市松瀬川②,,衛星,open,1,-,-,742202-1,1,33.8286865,132.9530611,green,globe
385,【au共用】東温市山之内木地,,au共用,open,1,-,-,742225-1,1,33.8695462,132.9455027,green,adjust
386,東温市田窪②,,,open,3,-,-,"737437-10,11,12","77,177,178",33.8695462,132.9455027,green,signal
387,上浮穴郡久万高原町入野,,,open,3,-,-,"737360-9,10,11","318,319,320",33.6641536,132.8971811,green,signal
388,上浮穴郡久万高原町西明神,,,open,3,-,-,"737364-4,5,6","183,184,185",33.67514,132.88612,green,signal
389,上浮穴郡久万高原町露峰,,,open,3,-,-,"737400-1,2,3","6,7,8",33.61518712,132.9001038,green,signal
390,上浮穴郡久万高原町下畑野川,,,open,3,-,-,"737414-6,7,8","179,177,178",33.674468,132.928229,green,signal
391,上浮穴郡久万高原町久万,,,open,3,-,-,"737415-1,2,3","25,26,24",33.656478,132.901601,green,signal
392,上浮穴郡久万高原町菅生,,,open,3,-,-,"737421-8,9,10","64,285,206",33.642597,132.911542,green,signal
393,上浮穴郡久万高原町直瀬,,,ready,3,-,-,,,33.706192,132.959651,orange,wrench
394,伊予郡松前町大字出作,北伊予駅付近,,open,3,-,-,"737405-1,2,3","215,181,303",33.7875842,132.7508284,green,signal
395,伊予郡松前町大字北黒田,,,open,3,-,-,"737387-5,6,7","143,262,226",33.77753,132.702093,green,signal
396,【5G】伊予郡松前町大字上高柳,,,open,3,1,2,"737389-10,11,12","232,233,231",33.79812846,132.7348382,darkblue,plane
397,伊予郡松前町大字浜,りょう花松前店,,open,3,-,-,"737406-10,11,12","273,275,174",33.7831866,132.7133657,green,signal
398,【5G】伊予郡松前町大字昌農内,,,open,3,1,2,"737401-10,11,12","50,48,49",33.802558,132.714763,darkblue,plane
399,伊予郡松前町大字徳丸,,,open,3,-,-,"737397-1,2,3","25,24,26",33.79538899,132.7544148,green,signal
400,伊予郡松前町大字恵久美,,,open,3,-,-,"737409-1,2,3","40,107,264",33.78852474,132.7296407,green,signal
401,伊予郡松前町大字西古泉,,,open,3,-,-,"737425-10,11,12","106,257,30",33.79415905,132.7104931,green,signal
402,伊予郡松前町大字鶴吉,松前町国体記念ホッケー公園 ホッケー場,,open,3,-,-,"737419-7,8,9","361,173,171",33.77843213,132.7419868,green,signal
403,伊予郡松前町大字筒井,松前総合文化センター,屋上,open,3,-,-,"737431-10,11,12","246,247,248",33.7867383,132.7117555,green,signal
404,伊予郡砥部町重光,フジ砥部店付近,,open,3,-,-,"737329-4,5,6","118,117,20",33.783769,132.784491,green,signal
405,【5G】伊予郡砥部町宮内①,レデイ薬局砥部宮内店,,open,3,1,3,"737364-10,11,12","345,112,179",33.75508701,132.7888127,darkblue,plane
406,【5G】伊予郡砥部町上原町,,,open,3,1,2,"737365-1,2,3","295,296,294",33.76909,132.79023,darkblue,plane
407,伊予郡砥部町高尾田①,フジ砥部町原町店駐車場,,open,3,-,-,"737365-4,5,6","353,352,351",33.77467773,132.7938945,green,signal
408,伊予郡砥部町高尾田②,,,open,3,-,-,"737328-4,5,6","159,160,161",33.78114791,132.7956445,green,signal
409,伊予郡砥部町宮内②,コスモス砥部店付近,,open,3,-,-,"737390-9,10,11","38,37,36",33.74876328,132.7904444,green,signal
410,伊予郡砥部町北川毛,,,open,3,-,-,"737411-4,5,6","357,370,359",33.74204509,132.7913078,green,signal
411,伊予郡砥部町川井,,,open,3,-,-,"737424-4,5","372,79",33.74960667,132.7760388,green,signal
412,伊予郡砥部町川登,,,open,2,-,-,"737410-1,2","115,285",33.72062274,132.7973681,green,signal
413,伊予郡砥部町大南,,,open,3,-,-,"737407-10,11,12","364,365,363",33.73347436,132.7898529,green,signal
414,伊予郡砥部町岩谷口,,,close,-,-,-,,,33.73114003,132.7969055,red,remove
415,伊予郡砥部町総津,,,open,3,-,-,"737403-4,5,6","11,10,9",33.62943866,132.7967147,green,signal
416,宇和島市錦町,アイティシー宇和島ビル,,open,3,-,-,"737296-1,2,3","161,159,160",33.2247907,132.5673689,green,signal
417,【5G】宇和島市伊吹町,,,open,3,1,2,"737294-1,2,3","110,108,109",33.234293,132.568957,darkblue,plane
418,宇和島市高串①,高光駅付近,,open,2,-,-,"737343-1,2","357,358",33.256842,132.573928,green,signal
419,宇和島市夏目町二丁目,宇和島信用金庫付近,,open,3,-,-,"737345-1,2,3","26,25,24",33.205578,132.553682,green,signal
420,宇和島市吉田町立間①,立間駅付近,,open,2,-,-,"737348-7,8","377,375",33.297423,132.539422,green,signal
421,宇和島市高串②,,,open,3,-,-,"737343-4,5,6","252,253,254",33.26403621,132.5677479,green,signal
422,宇和島市遊子①,,,open,2,-,-,"737369-9,10","363,365",33.187327,132.458446,green,signal
423,宇和島市遊子②,,,open,2,-,-,"737427-4,5","311,310",33.189197,132.457303,green,signal
424,宇和島市高串③,コインランドリーNO.2付近,,open,3,-,-,"737347-1,2,3","6,7,8",33.244715,132.571339,green,signal
425,宇和島市吉田町立間②,JAルミエールよしだ,,open,2,-,-,"737348-9,10","124,125",33.287839,132.541629,green,signal
426,宇和島市津島町高田①,,,open,2,-,-,"737399-3,4,5","187,11,10",33.139393,132.523512,green,signal
427,宇和島市祝森①,,,close,-,-,-,,,33.176958,132.552198,red,remove
428,宇和島市野川,等覚寺駐車場,,open,3,-,-,"737296-4,5,6","52,53,51",33.216929,132.573356,green,signal
429,宇和島市吉田町南君①,南君東集会所前,,open,2,-,-,"737387-1,2","112,111",33.268935,132.50273,green,signal
430,宇和島市三間町宮野下,宮野下駅,,open,3,-,-,"737379-4,5,6","344,343,342",33.289252,132.606444,green,signal
431,宇和島市三間町大内,二名郵便局,,open,3,-,-,"737364-7,8,9","178,179,177",33.286279,132.643576,green,signal
432,宇和島市吉田町法花津,玉津小,,open,3,-,-,"737348-4,5,6","156,157,158",33.318466,132.520371,green,signal
433,宇和島市柿原,,,open,3,-,-,"737367-1,2,3","297,299,298",33.23761,132.57737,green,signal
434,宇和島市津島町岩渕,,,open,3,-,-,"737370-7,8,9","0,1,230",33.12425915,132.5534507,green,signal
435,宇和島市百之浦,,,open,2,-,-,"737341-7,8","369,371",33.22298741,132.5274456,green,signal
436,宇和島市大浦,大浦自治会館,,open,3,-,-,"737353-1,2,3","0,1,2",33.23690509,132.5516816,green,signal
437,宇和島市吉田町河内,,,open,3,-,-,"737426-10,11,12","356,354,355",33.28734187,132.5002023,green,signal
438,宇和島市津島町上畑地,畑地公民館,,open,2,-,-,"737380-8,9","233,232",33.08906352,132.5133152,green,signal
439,宇和島市津島町北灘,,,open,2,-,-,"737388-4,5","14,12",33.11438774,132.4710025,green,signal
440,宇和島市保手四丁目,,,open,2,-,-,"737341-1,2","105,107",33.21370057,132.54892,green,signal
441,宇和島市保田,,,open,3,-,-,"737345-4,5,6","274,275,273",33.18759502,132.5450135,green,signal
442,宇和島市坂下津,,,open,3,-,-,"737341-4,5,6","209,208,207",33.22034485,132.5476319,green,signal
443,宇和島市津島町高田②,,,open,3,-,-,"737420-1,2,3","199,200,198",33.120426,132.518774,green,signal
444,宇和島市下波,,,open,3,-,-,"737422-7,8,9","152,150,151",33.16783,132.45624,green,signal
445,宇和島市遊子③,,,close,-,-,-,,,33.20647,132.45694,red,remove
446,宇和島市吉田町本町,,,open,3,-,-,"737424-6,7,8","78,79,80",33.275844,132.541476,green,signal
447,宇和島市妙典寺前,,,open,3,-,-,"737296-7,8,9","248,247,246",33.21171,132.56495,green,signal
448,宇和島市丸穂町一丁目,,,open,3,-,-,"737296-10,11,12","60,61,62",33.2240944,132.5732436,green,signal
449,宇和島市吉田町浅川,,,close,-,-,-,,,33.264665,132.526537,red,remove
450,宇和島市吉田町南君②,,,close,-,-,-,,,33.263628,132.513819,red,remove
451,宇和島市吉田町奥浦,,,close,-,-,-,,,33.271461,132.479783,red,remove
452,宇和島市蕨,,,close,-,-,-,,,33.1953211,132.5069746,red,remove
453,宇和島市小浜,,,open,1,-,-,737427-3,342,33.2049952,132.505668,green,signal
454,宇和島市石応,,,close,-,-,-,,,33.213738,132.52406,red,remove
455,八幡浜市大平,,,open,3,-,-,"737324-4,5,6","372,373,158",33.47129,132.432507,green,signal
456,【5G】八幡浜市舌間,八幡浜舌間郵便局付近,,open,3,3,3,"737358-1,2,3","189,190,191",33.4441352,132.4177418,darkblue,plane
457,【5G】八幡浜市川上町川名津,,,open,3,3,3,"737330-7,8,9","52,53,51",33.424905,132.406445,darkblue,plane
458,八幡浜市穴井,,,open,2,-,-,"737355-4,5","350,348",33.39767,132.39684,green,signal
459,八幡浜市保内町磯崎,,,open,3,-,-,"737384-1,2,3","81,212,211",33.542691,132.416217,green,signal
460,八幡浜市保内町宮内①,,,open,3,-,-,"737441-3,4,5","91,90,92",33.493028,132.397144,green,signal
461,八幡浜市松柏,,,open,3,-,-,"737390-6,7,8","174,176,312",33.461973,132.44236,green,signal
462,八幡浜市保内町川之石,,,open,3,-,-,"737385-3,4,5","217,218,216",33.47658867,132.3955491,green,signal
463,八幡浜市真網代,,,open,2,-,-,"737373-1,2","331,332",33.41401365,132.3956776,green,signal
464,【5G】八幡浜市若山,,,open,3,1,2,"737370-10,11,12","185,184,183",33.42263932,132.4592807,darkblue,plane
465,八幡浜市郷,,,open,3,-,-,"737320-10,11,12","76,75,77",33.46507714,132.4654314,green,signal
466,八幡浜市保内町宮内②,ローソン八幡浜保内町宮内店,,close,-,-,-,,,33.48730993,132.3983857,red,remove
467,八幡浜市日土町①,,,ready,2,-,-,,,33.493641,132.417155,orange,wrench
468,八幡浜市日土町②,,,close,-,-,-,,,33.499261,132.427007,red,remove
469,八幡浜市布喜川,,,open,3,-,-,"737412-3,4,5","370,371,369",33.427868,132.441296,green,signal
470,八幡浜市保内町喜木,,,close,3,-,-,,,33.485999,132.411611,red,remove
471,八幡浜市北浜,,,close,3,-,-,,,33.461923,132.421504,red,remove
472,大洲市新谷①,ローソン大洲松ケ花店,,open,3,-,-,"737339-3,4,5","154,155,153",33.5332387,132.5823366,green,signal
473,大洲市八多喜町,ローソン大洲八多喜店,,open,3,-,-,"737444-1,2,3","317,315,67",33.563343,132.539736,green,signal
474,大洲市春賀①,楽天付近,,open,3,-,-,"737444-4,5,6","91,183,92",33.5502219,132.55654,green,signal
475,【5G】大洲市新谷②,ローソン大洲新谷室戸店付近,,open,3,1,3,"737384-4,5,6","210,211,212",33.534982,132.599293,darkblue,plane
476,大洲市菅田町菅田①,ローソン大洲菅田店・ユニペトすげたバイパスSS,,open,3,-,-,"737352-7,8,9","35,33,34",33.509924,132.584769,green,signal
477,大洲市平野町野田①,ローソン大洲平野店,,open,2,-,-,"737399-6,7","46,47",33.490228,132.516106,green,signal
478,【5G】大洲市白滝,伊予白滝駅,,open,3,1,3,"737446-4,5,6","265,264,266",33.57868477,132.5266381,darkblue,plane
479,大洲市長浜町沖浦,,,open,2,-,-,"737404-7,8","370,371",33.60507599,132.482312,green,signal
480,【5G】大洲市東大洲①,,,open,3,1,3,"737320-7,8,9","322,321,323",33.520152,132.568938,darkblue,plane
481,大洲市長浜,米川医院屋上,屋上,open,3,-,-,"737404-9,10,11","63,64,65",33.61361,132.481163,green,signal
482,大洲市長浜町櫛生,,,close,-,-,-,,,33.574256,132.442079,red,remove
483,大洲市長浜町出海,,,open,2,-,-,"737412-1,2","96,98",33.558641,132.434222,green,signal
484,大洲市長浜町下須戒,,,open,3,-,-,"737405-7,8,9","222,224,223",33.592029,132.495447,green,signal
485,大洲市西大洲,,,open,3,-,-,"737445-7,8,9","364,99,287",33.504134,132.525854,green,signal
486,大洲市阿蔵①,,,close,-,-,-,,,33.5085865,132.5361288,red,remove
487,大洲市五郎①,,,open,3,-,-,"737445-1,2,3","344 ,31, 66",33.5267761,132.552374,green,signal
488,大洲市柚木,,,open,3,-,-,"737443-3,4,5","219,220,221",33.5026598,132.5485096,green,signal
489,大洲市若宮①,,,open,3,-,-,"737447-1,2,3","227,226,225",33.5200263,132.5457305,green,signal
490,大洲市東大洲②,,,open,3,-,-,"737410-6,7,8","281,280,279",33.5224994,132.5789329,green,signal
491,大洲市東大洲③,,,open,3,-,-,"737447-8,9,10","360,19,310",33.5168537,132.5564834,green,signal
492,【5G】大洲市徳森,,,open,3,1,3,"737389-4,5,6","204,205,206",33.5252357,132.5843881,darkblue,plane
493,大洲市菅田町菅田②,,,open,3,-,-,"737418-7,8,9","19,20,18",33.5172352,132.5880373,green,signal
494,大洲市北只①,,,open,2,-,-,"737395-4,5","127,128",33.4901125,132.5437835,green,signal
495,大洲市阿蔵②,,,open,3,-,-,"737445-10,11,12","348,301,167",33.5086908,132.5289546,green,signal
496,大洲市東大洲④,,,open,3,-,-,"737405-4,5,6","158,157,456",33.5305226,132.573205,green,signal
497,大洲市若宮②,,,close,-,-,-,,,33.5264088,132.5615009,red,remove
498,大洲市上須戒,,,open,2,-,-,"737399-8,9","213,214",33.5355148,132.5033032,green,signal
499,大洲市五郎②,,,open,3,-,-,"737445-4,5,6","224,147, 217",33.535655,132.560286,green,signal
500,大洲市肱川町山鳥坂,,,open,2,-,-,"737447-4,5","195,196",33.456563,132.685509,green,signal
501,大洲市平野町野田②,,,open,3,-,-,"737407-1,2,3","97,96,98",33.47756,132.501363,green,signal
502,大洲市春賀②,,,close,-,-,-,,,33.563244,132.554939,red,remove
503,大洲市北只②,,,close,-,-,-,,,33.493821,132.546543,red,remove
504,大洲市平野町野田③,,,open,3,-,-,"737438-7,8,9","282,283,284",33.495672,132.518556,green,signal
505,西予市野村町野村①,,,open,3,-,-,"737394-1,2,3","240,241,242",33.3786863,132.652318,green,signal
506,【5G】西予市宇和町明間,,,open,2,1,2,"737390-1,2","191,190",33.3469288,132.5842119,darkblue,plane
507,西予市城川町高野子,高川郵便局付近,,open,3,-,-,"737355-9,10,11","327,328,329",33.363006,132.797986,green,signal
508,西予市城川町魚成,町内集会所付近,,ready,3,-,-,,,33.375929,132.70717,orange,wrench
509,西予市野村町野村②,野村郵便局付近,,ready,3,-,-,,,33.376268,132.642175,orange,wrench
510,【5G】西予市宇和町卯之町二丁目,卯之町駅付近,,open,3,1,2,"737383-7,8,9","195,197,196",33.363363,132.509428,darkblue,plane
511,西予市宇和町大江,,,open,3,-,-,"737418-4,5,6","352,153,353",33.408649,132.511602,green,signal
512,西予市宇和町坂戸,,,ready,3,-,-,,,33.396591,132.507087,orange,wrench
513,西予市宇和町伊賀上,,,open,3,-,-,"737385-6,7,8","290,288,289",33.350506,132.514759,green,signal
514,西予市宇和町皆田,西予郵便局付近,,close,-,-,-,,,33.349132,132.534561,red,remove
515,西予市宇和町久枝,,,open,2,-,-,"737351-1,2,3","250,251,249",33.364111,132.497049,green,signal
516,【5G】西予市宇和町新城,,,open,3,1,3,"737349-6,7,8","188,186,187",33.383049,132.531573,darkblue,plane
517,西予市宇和町明石,,,open,3,-,-,"737388-6,7,8","114,115,116",33.373231,132.528406,green,signal
518,西予市三瓶町二及,二木生郵便局付近,,close,-,-,-,,,33.3777,132.40331,red,remove
519,西予市三瓶町朝立①,,,open,-,-,-,"737397-10,11,12","150,152,151",33.38345,132.42446,green,signal
520,西予市三瓶町皆江,,,close,-,-,-,,,33.3412,132.40961,red,remove
521,西予市明浜町宮野浦,,,open,3,-,-,"737396-9,10,11","213,215,214",33.31343,132.42478,green,signal
522,西予市三瓶町周木,,,open,2,-,-,"737326-9,10","125,124",33.375561,132.389475,green,signal
523,西予市三瓶町長早,,,open,2,-,-,"737333-7,8","321,322",33.369015,132.395273,green,signal
524,西予市城川町土居,,,open,2,-,-,"737339-1,2","241,242",33.386616,132.768916,green,signal
525,西予市宇和町西山田,,,open,3,-,-,"737365-10,11,12","317,237,316",33.37589532,132.4718874,green,signal
526,西予市宇和町田野中,,,open,3,-,-,"737389-1,2,3","375,376,377",33.40181152,132.5369288,green,signal
527,西予市宇和町岡山,,,ready,3,-,-,,,33.42175307,132.4966012,orange,wrench
528,西予市野村町四郎谷,,,open,3,-,-,"737394-9,10,11","265,264,266",33.386139,132.601646,green,signal
529,西予市野村町高瀬,,,open,3,-,-,"737369-6,7,8","280,279,281",33.41345264,132.6333888,green,signal
530,西予市三瓶町下泊,,,close,-,-,-,,,33.3424428,132.3853444,red,remove
531,西予市三瓶町朝立②,,,open,2,-,-,"737380-1,2","14,12",33.3895391,132.4292909,green,signal
532,【5G】西予市宇和町卯之町四丁目,,,open,3,1,3,"737401-4,5,6","269,268,267",33.360469,132.514259,darkblue,plane
533,西予市宇和町清沢,,,open,3,-,-,"737423-7,8,9","95,94,93",33.388228,132.489156,green,signal
534,西予市宇和町稲生,,,close,-,-,-,,,33.354913,132.528807,red,remove
535,西予市宇和町下川,,,close,-,-,-,,,33.341639,132.550117,red,remove
536,西予市三瓶町蔵貫,,,open,3,-,-,"737406-1,2,3","337,338,336",33.3532644,132.4288227,green,signal
537,西予市宇和町下松葉,,,open,3,-,-,"737431-7,8,9","133,134,132",33.3720546,132.5047912,green,signal
538,西予市宇和町上松葉,,,open,3,-,-,"737434-1,2,3","228,230,229",33.384014,132.504301,green,signal
539,西予市宇和町岩木,,,open,3,-,-,"737438-1,2,3","126,127,128",33.3964874,132.4712757,green,signal
540,喜多郡内子町知清,,,open,3,-,-,"737389-7,8,9","135,136,137",33.55007271,132.6559776,green,signal
541,喜多郡内子町平岡,,,open,3,-,-,"737419-1,2,3","262,263,261",33.5322613,132.6603423,green,signal
542,【5G】喜多郡内子町内子,,,open,3,1,2,"737435-6,7,8","203,351,370",33.548218,132.6488497,darkblue,plane
543,喜多郡内子町川中,,,open,3,-,-,"737396-1,2,3","25,26,24",33.611683,132.686542,green,signal
544,喜多郡内子町内子大久喜甲,,,open,3,-,-,"737395-9,10,11","164,162,163",33.515964,132.664759,green,signal
545,喜多郡内子町立山,,,open,3,-,-,"737413-9,10,11","244,243,326",33.594314,132.6754543,green,signal
546,喜多郡内子町城廻,,,open,3,-,-,"737414-9,10,11","299,297,298",33.5613059,132.6582786,green,signal
547,喜多郡内子町寺村,,,close,3,-,-,,,33.56886593,132.7918768,red,remove
548,喜多郡内子町大瀬中央,,,close,,,,,,33.57455932,132.7135899,red,remove
549,西宇和郡伊方町九町,,,open,3,-,-,"737379-1,2,3","129,131,130",33.473652,132.307576,green,signal
550,西宇和郡伊方町田部,,,open,3,-,-,"737369-1,2,3","335,334,333",33.42874151,132.1777296,green,signal
551,西宇和郡伊方町川之浜,,,open,2,-,-,"737369-4,5","54,56",33.42608477,132.2269427,green,signal
552,西宇和郡伊方町二名津,,,open,2,-,-,"737361-10,11","258,259",33.40179167,132.1408634,green,signal
553,西宇和郡伊方町正野,,,ready,2,-,-,,,33.36159953,132.0481931,orange,wrench
554,西宇和郡伊方町三机,,,open,3,-,-,"737429-1,2,3","108,110,109",33.45498847,132.246492,green,signal
555,西宇和郡伊方町湊浦,,,open,2,-,-,"737398-7,8","13,284",33.4864977,132.353711,green,signal
556,西宇和郡伊方町中之浜,,,open,2,-,-,"737417-9,10","2,27",33.48291427,132.364286,green,signal
557,西宇和郡伊方町豊之浦,,,ready,2,-,-,,,33.47324299,132.3219355,orange,wrench
558,西宇和郡伊方町三崎,,,close,-,-,-,,,33.39009363,132.1204373,red,remove
559,【5G】西宇和郡伊方町中浦,,,open,3,1,2,"737412-6,7,8","160,354,355",33.48918085,132.3452027,darkblue,plane
560,【5G】西宇和郡伊方町河内,,,open,2,1,2,"737399-1,2","35,33",33.49583839,132.3696403,darkblue,plane
561,北宇和郡松野町大字目黒,,,open,3,-,-,"737416-6,7,8","291,267,268",33.16183023,132.6992434,green,signal
562,【5G】北宇和郡松野町大字豊岡,,,open,3,1,2,"737406-7,8,9","107,106,105",33.2336691,132.7030354,darkblue,plane
563,北宇和郡松野町松丸,,,open,3,-,-,"737434-7,8,9","192,194,193",33.22844,132.70777,green,signal
564,北宇和郡鬼北町大字下鍵山①,日吉郵便局付近,,open,2,-,-,"737427-1,2","43,44",33.3362184,132.7934114,green,signal
565,北宇和郡鬼北町大字近永①,,,open,3,-,-,"737385-9,10,11","368,367,366",33.25699537,132.6734629,green,signal
566,北宇和郡鬼北町大字奈良,ファミリーマート鬼北奈良店付近,,ready,3,-,-,,,33.24715658,132.6732744,orange,wrench
567,北宇和郡鬼北町大字下大野,下大野郵便局付近,,ready,3,-,-,,,33.306602,132.721582,orange,wrench
568,北宇和郡鬼北町大字出目,,,close,-,-,-,,,33.251013,132.703661,red,remove
569,北宇和郡鬼北町大字沢松,,,close,-,-,-,,,33.270625,132.660025,red,remove
570,【5G】北宇和郡鬼北町大字小倉,泉郵便局付近,,open,3,1,2,"737384-7,8,9","102,103,104",33.27744,132.71993,darkblue,plane
571,北宇和郡鬼北町大字吉波,,,close,-,-,-,,,33.271894,132.632776,red,remove
572,北宇和郡鬼北町大字下鍵山②,道の駅日吉夢産地付近,,close,-,-,-,,,33.329938,132.799157,red,remove
573,【5G】北宇和郡鬼北町大字清水,,,open,3,1,3,"737388-9,10,11","41,40,39",33.3030112,132.688943,darkblue,plane
574,北宇和郡鬼北町大字小松,,,open,3,-,-,"737423-1,2,3","347,345,346",33.30856435,132.7421565,green,signal
575,北宇和郡鬼北町大字近永②,,,open,3,-,-,"737404-1,2,3","60,61,62",33.25740514,132.6840347,green,signal
576,北宇和郡鬼北町大字延川,,,open,3,-,-,"737401-1,2,3","126,128,340",33.29988361,132.7452832,green,signal
577,南宇和郡愛南町御荘深泥,深泥集会所,,open,3,-,-,"737339-6,7,8","257,255,256",32.957368,132.542157,green,signal
578,南宇和郡愛南町御荘平城③,,,open,3,-,-,"737336-10,11,12","277,276,278",32.962588,132.564781,green,signal
579,南宇和郡愛南町久良,,,open,2,-,-,"737339-9,10","288,289",32.939366,132.553245,green,signal
580,南宇和郡愛南町城辺甲①,南宇和病院付近,,open,3,-,-,"737337-10,11,12","51,194,52",32.962676,132.585012,green,signal
581,南宇和郡愛南町御荘平城①,ローソン愛南町御荘平城店,,open,3,-,-,"737383-4,5,6","71,69,70",32.965683,132.550687,green,signal
582,南宇和郡愛南町御荘平城②,長州園地,,open,3,-,-,"737387-8,9,10","283,284,282",32.968995,132.544405,green,signal
583,南宇和郡愛南町城辺甲②,,,open,3,-,-,"737407-4,5,6","354,355,356",32.960264,132.575333,green,signal
584,南宇和郡愛南町城辺甲③,,,ready,3,-,-,,,32.953284,132.572527,orange,wrench
585,南宇和郡愛南町船越,Yショップ西海,,close,-,-,-,,,32.94840907,132.5045841,red,remove
586,南宇和郡愛南町緑乙,,,open,3,-,-,"737413-6,7,8","59,58,57",32.971065,132.597354,green,signal
587,南宇和郡愛南町深浦,,,open,3,-,-,"737419-4,5,6","65,64,63",32.946335,132.590326,green,signal
588,【5G】南宇和郡愛南町柏,,,open,3,1,3,"737416-9,10,11","164,162,163",33.017047,132.498389,darkblue,plane
