場所,市区町村,設置タイプ,更新日時,状況,eNB-LCID,PCI,基地局ID,sector,sub6,ミリ波
今治市立花町二丁目,今治市,コン柱,2022/06/01 00:00:00,open,"737335-1,2,3","39,347,139",,3,3,3
今治市中寺①,今治市,コン柱,2022/06/01 00:00:00,open,"737331-1,2,3","292,98,300",,3,3,3
今治市桜井四丁目,今治市,コン柱,2023/04/23 16:44:15,open,"737512-10,11,12","47,378,94",,3,,
今治市登畑,今治市,コン柱,2023/04/23 18:22:03,open,"737510-4,5,6","136,278,135",,3,,
今治市阿方①,今治市,コン柱,2022/11/13 02:31:56,open,"737354-4,5,6","225,227,226",,3,1,2
今治市阿方②,今治市,コン柱,2022/06/01 00:00:00,open,"737354-1,2,3","298,179,174",,3,1,3
今治市波止浜,今治市,コン柱,2023/04/22 17:54:08,open,"737487-3,4,5","179,178,177",,3,,
今治市大新田町五丁目,今治市,コン柱,2022/06/01 00:00:00,open,"737378-1,2,3","86,114,340",,3,1,3
今治市国分三丁目,今治市,コン柱,2023/04/23 18:24:27,open,"737511-4,5,6","260,163,363",,3,,
今治市玉川町大野,今治市,コン柱,2023/04/03 21:40:55,open,"737493-7,8,9","181,180,182",,3,,
今治市高橋,今治市,コン柱,2022/06/01 00:00:00,open,"737363-1,2,3","356,354,355",,3,1,3
今治市拝志,今治市,コン柱,2023/04/23 21:24:45,open,"737511-10,11,12","257,237,187",,3,,
今治市中寺②,今治市,コン柱,2022/06/01 00:00:00,open,"737331-4,5,6","159,161,40",,3,,
今治市松木,今治市,コン柱,2023/04/23 18:34:27,open,"737511-7,8,9","164,286,267",,3,,
今治市近見町三丁目,今治市,コン柱,2022/06/01 00:00:00,open,"737378-4,5,6","38,37,36",,3,,
今治市玉川町長谷①,今治市,コン柱,2023/04/03 21:27:14,open,"737494-4,5,6","323,322,321",,3,,
今治市延喜①,今治市,コン柱,2023/04/22 17:59:36,open,"737354-10,11,12","230,229,228",,3,1,2
今治市菊間町浜①,今治市,コン柱,2022/06/01 00:00:00,open,"737390-3,4,5","121,122,120",,3,,
今治市大西町脇,今治市,コン柱,2022/06/01 00:00:00,open,"737403-7,8,9","297,298,299",,3,,
今治市朝倉上,今治市,コン柱,2023/04/28 21:28:51,open,"737512-4,5,6","113,3,253",,3,,
今治市宅間,今治市,コン柱,2022/06/01 00:00:00,open,"737366-1,2,3","44,43,42",,3,,
今治市喜田村一丁目,今治市,コン柱,2023/04/23 21:24:16,open,"737513-3,4,5","318,115,38",,3,,
今治市北日吉町一丁目,今治市,コン柱,2023/04/23 21:21:13,open,"737359-1,2,3","82,321,83",,3,1,3
今治市菊間町種,今治市,コン柱,2022/06/01 00:00:00,open,"737360-7,8","273,274",,2,,
今治市喜田村七丁目,今治市,コン柱,2023/04/23 18:32:33,open,"737511-1,2,3","195,235,236",,3,,
今治市古国分一丁目,今治市,コン柱,2023/04/23 16:43:20,open,"737513-1,2","335,277",,2,,
今治市吉海町本庄①,今治市,コン柱,2023/04/30 20:03:30,open,"737567-4,5,6","162,206,340",,3,,
今治市郷六ヶ内町二丁目,今治市,コン柱,2022/06/01 00:00:00,open,"737377-1,2,3","55,185,54",,3,,
今治市長沢,今治市,コン柱,2023/04/23 16:45:30,open,"737510-10,11","262,263",,2,,
今治市神宮,今治市,コン柱,2022/06/01 00:00:00,open,"737354-7,8,9","130,158,156",,3,,
今治市伯方町叶浦,今治市,コン柱,2022/11/28 21:10:10,open,"737450-1,2,3","258,275,352",,3,,
今治市東門町三丁目,今治市,コン柱,2022/06/01 00:00:00,open,"737335-4,5,6","302,300,301",,3,,
今治市伯方町有津,今治市,コン柱,2022/11/28 21:12:25,open,"737450-4,5,6","293,151,33",CBSB838000635,3,,
今治市延喜②,今治市,コン柱,2022/06/01 00:00:00,open,"737366-4,5,6","185,183,184",,3,,
今治市波方町樋口①,今治市,コン柱,2023/04/22 13:20:35,open,"737488-4,5,6","313,324,326",,3,,
今治市大西町九王①,今治市,コン柱,2022/06/01 00:00:00,open,"737429-4,5","152,151",,2,,
今治市衣干町四丁目,今治市,コン柱,2022/06/01 00:00:00,open,"737377-4,5,6","70,71,69",,3,,
今治市南鳥生町二丁目,今治市,コン柱,2022/06/01 00:00:00,open,"737335-10,11,12","245,244,243",,3,,
今治市伯方町北浦,今治市,コン柱,2022/11/28 21:07:20,open,"737459-1,2,3","132,181,164",,3,,
今治市伯方町木浦①,今治市,コン柱,2022/11/28 20:59:32,open,"737462-1,2,3","200,253,291",,3,,
今治市波方町樋口②,今治市,コン柱,2023/04/22 13:53:32,open,"737486-7,8,9","263,261,262",,3,,
今治市波方町小部,今治市,コン柱,2022/06/01 00:00:00,open,"737422-4,5,6","277,278,276",,3,,
今治市大西町九王②,今治市,コン柱,2022/06/01 00:00:00,open,"737416-1,2,3","101,99,100",,3,,
今治市菊間町佐方,今治市,コン柱,2022/06/01 00:00:00,open,"737420-6,7,8","86,85,84",,3,,
今治市菊間町松尾,今治市,コン柱,2022/06/01 00:00:00,open,"737411-10,11,12","320,318,319",,3,,
今治市波方町西浦,今治市,コン柱,2023/04/22 14:32:49,open,"737488-7,8","351,1",,2,,
今治市大三島町浦戸,今治市,衛星,2023/04/30 21:39:38,open,"742254-1
742255-1
742256-1","103,104,102",,3,,
今治市別名,今治市,コン柱,2022/06/01 00:00:00,open,"737363-4,5,6","59,58,57",,3,,
今治市上浦町井口,今治市,コン柱,2023/04/30 21:17:50,open,"737450-10,11","18,44",,2,,
今治市波方町郷,今治市,コン柱,2023/04/22 17:08:06,open,"737487-9,10,11","355,223,222",,3,,
今治市内堀一丁目,今治市,コン柱,2023/04/22 17:32:24,open,"737486-10,11,12","75,175,77",,3,,
今治市波方町波方,今治市,コン柱,2023/04/22 16:46:38,open,"737488-9,10,11","108,109,360",,3,,
今治市矢田,今治市,コン柱,2022/06/01 00:00:00,open,"737363-7,8","40,41",,2,,
今治市大三島町宮浦①,今治市,コン柱,2023/04/30 21:22:16,open,"737449-4,5,6","251,282,25",,3,,
今治市大三島町宗方,今治市,コン柱,2022/06/01 00:00:00,close,,,,,,
今治市吉海町八幡,今治市,コン柱,2023/04/30 20:06:59,open,"737566-7,8,9","361,186,362",,3,,
今治市吉海町仁江,今治市,コン柱,2023/04/30 20:08:31,open,"737567-1,2,3","147,95,253",,3,,
今治市宮窪町宮窪,今治市,コン柱,2022/11/28 21:17:27,open,"737450-7,8,9","269,249,250",,3,,
今治市上浦町瀬戸①,今治市,コン柱,2023/04/30 21:12:59,open,"737451-10,11,12","235,276,107",,3,,
今治市上浦町甘崎①,今治市,コン柱,2023/04/30 21:13:31,open,"737451-1,2,3","80,124,3",,3,,
今治市大三島町肥海,今治市,コン柱,2023/04/30 21:26:46,open,"737551-4,5,6","121,120,122",,3,,
今治市菊間町浜②,今治市,コン柱,2022/06/01 00:00:00,open,"737408-8,9,10","375,376,377",,3,,
今治市朝倉北,今治市,コン柱,2023/04/28 21:28:02,open,"737512-7,8,9","337,83,336",,3,,
今治市玉川町法界寺,今治市,コン柱,2023/04/28 21:25:21,open,"737497-9,10","73,72",,2,,
今治市八町西一丁目,今治市,コン柱,2022/06/01 00:00:00,open,"737377-7,8,9","50,49,48",,3,,
今治市菊間町高田,今治市,コン柱,2022/06/01 00:00:00,open,"737420-9,10,11","190,191,189",,3,,
今治市本町五丁目,今治市,コン柱,2022/06/01 00:00:00,open,"737422-1,2,3","21,41,247",,3,,
今治市別宮町八丁目,今治市,コン柱,2022/06/01 00:00:00,open,"737378-7,8,9","204,293,31",,3,,
今治市旭町二丁目,今治市,屋上,2022/06/01 00:00:00,open,"737359-7,8,9","282,283,284",,3,,
今治市通町一丁目,今治市,コン柱,2022/06/01 00:00:00,open,"737359-10,11,12","333,334,335",,3,,
今治市南大門町一丁目,今治市,屋上,2022/06/01 00:00:00,open,"737359-4,5,6","166,165,167",,3,,
今治市国分一丁目,今治市,コン柱,2023/04/23 18:25:53,open,"737512-1,2,3","37,233,243",,3,,
今治市五十嵐,今治市,コン柱,2022/06/01 00:00:00,open,"737331-7,8,9","353,352,351",,3,,
今治市鯉池町二丁目,今治市,コン柱,2022/06/01 00:00:00,open,"737377-10,11,12","269,268,267",,3,,
今治市土橋町一丁目,今治市,コン柱,2022/06/01 00:00:00,open,"737335-7,8,9","254,252,253",,3,,
今治市片山二丁目,今治市,コン柱,2022/06/01 00:00:00,open,"737363-10,11,12","90,91,92",,3,,
今治市波方町養老,今治市,コン柱,2023/04/22 13:35:00,open,"737488-1,2,3","214,213,185",,3,,
今治市波止浜三丁目,今治市,屋上,2023/04/22 17:19:46,open,"737487-6,7,8","32,374,93",,3,,
新居浜市磯浦町,新居浜市,コン柱,2023/05/04 14:11:09,open,"737540-10,11,12","28,224,72",,3,3,3
新居浜市本郷三丁目,新居浜市,コン柱,2023/05/01 21:42:05,open,"737490-1,2,3","161,91,345",,3,,
新居浜市本郷一丁目,新居浜市,コン柱,2023/05/01 20:40:41,open,"737489-10,11,12","236,190,189",CBSB838000259,3,,
新居浜市阿島二丁目,新居浜市,コン柱,2022/06/01 00:00:00,open,"737333-9,10,11","365,12,166",,3,1,2
新居浜市神郷一丁目,新居浜市,コン柱,2022/06/01 00:00:00,open,"737319-10,11,12","18,19,20",,3,1,2
新居浜市平形町,新居浜市,コン柱,2023/04/16 11:22:39,open,"737540-7,8,9","29,217,153",,3,3,3
新居浜市郷二丁目,新居浜市,コン柱,2023/04/16 13:52:24,open,"737554-1,2,3","204,62,259",,3,,
新居浜市荷内町,新居浜市,コン柱,2022/06/01 00:00:00,open,"737330-10,11","343,344",,2,,
新居浜市船木②,新居浜市,コン柱,2022/06/01 00:00:00,open,"737333-1,2,3","318,319,302",,3,1,2
新居浜市宇高町三丁目,新居浜市,コン柱,2022/06/01 00:00:00,open,"737340-10,11,12","207,368,208",,3,,
新居浜市黒島一丁目,新居浜市,コン柱,2022/06/01 00:00:00,open,"737338-1,2,3","241,359,240",,3,,
新居浜市上原二丁目,新居浜市,コン柱,2022/06/01 00:00:00,open,"737344-4,5,6","156,158,157",,3,,
新居浜市郷五丁目,新居浜市,コン柱,2022/06/01 00:00:00,open,"737348-1,2,3","16,17,15",,3,,
新居浜市多喜浜二丁目,新居浜市,コン柱,2022/06/01 00:00:00,open,"737338-4,5,6","99,100,101",,3,,
新居浜市庄内町一丁目,新居浜市,屋上,2023/04/16 11:14:28,open,"737542-6,7,8","45,354,88",,3,,
新居浜市大生院,新居浜市,コン柱,2022/06/01 00:00:00,open,"737344-1,2,3","53,51,52",,3,,
新居浜市上泉町,新居浜市,コン柱,2023/04/16 11:09:38,open,"737493-4,5,6","67,291,365",,3,,
新居浜市船木①,新居浜市,コン柱,2023/04/16 11:06:33,open,"737489-4,5,6","31,366,119",,3,,
新居浜市下泉町二丁目,新居浜市,コン柱,2022/06/01 00:00:00,open,"737336-1,2,3","126,128,127",,3,,
新居浜市清水町,新居浜市,コン柱,2022/06/01 00:00:00,open,"737349-4,5","47,45",,2,,
新居浜市船木③,新居浜市,コン柱,2023/05/01 20:44:54,open,"737491-10,11,12","94,93,305",,3,,
新居浜市西原町一丁目,新居浜市,屋上,2023/05/04 14:39:27,open,"737539-7,8,9","143,241,6",,3,,
新居浜市萩生①,新居浜市,コン柱,2023/05/01 21:44:29,open,"737492-7,8,9","59,57,58",,3,,
新居浜市東雲町二丁目,新居浜市,コン柱,2023/04/16 18:47:03,open,"737543-1,2,3","22,213,71",,3,,
新居浜市八幡一丁目,新居浜市,コン柱,2022/06/01 00:00:00,open,"737426-4,5,6","82,38,306",,3,,
新居浜市中西町,新居浜市,コン柱,2022/06/01 00:00:00,open,"737342-10,11,12","220,219,221",,3,,
新居浜市立川町,新居浜市,コン柱,2022/06/01 00:00:00,open,"737333-4,5,6","77,76,75",,3,,
新居浜市船木④,新居浜市,コン柱,2023/04/16 11:17:25,open,"737491-7,8,9","225,124,206",,3,,
新居浜市坂井町三丁目,新居浜市,コン柱,2022/06/01 00:00:00,open,"737400-10,11,12","245,348,349",,3,,
新居浜市松木町,新居浜市,コン柱,2023/04/16 11:11:37,open,"737491-4,5,6","363,152,370",,3,,
新居浜市東田二丁目,新居浜市,コン柱,2023/04/16 11:08:50,open,"737490-10,11,12","201,125,202",,3,,
新居浜市久保田町二丁目,新居浜市,コン柱,2023/05/04 14:42:04,open,"737541-10,11,12","79,371,5",,3,,
新居浜市垣生三丁目,新居浜市,コン柱,2022/06/01 00:00:00,open,"737413-3,4,5","104,102,103",,3,,
新居浜市若水町二丁目,新居浜市,屋上,2023/04/16 11:12:50,open,"737541-7,8,9","314,165,103",,3,,
新居浜市繁本町,新居浜市,コン柱,2023/05/04 14:40:45,open,"737542-4,5","293,112",,2,,
新居浜市前田町,新居浜市,屋内,2022/06/01 00:00:00,open,747280-1,404,,1,,
新居浜市宮原町,新居浜市,コン柱,2023/05/01 21:42:59,open,"737490-7,8,9","283,137,282",,3,,
新居浜市萩生②,新居浜市,屋上,2022/07/30 13:40:09,open,"737433-4,5,6","217,186,299",,3,,
西条市坂元甲,西条市,コン柱,2023/04/28 22:57:40,open,"737548-4,5,6","246,247,209",,3,,
西条市円海寺,西条市,コン柱,2023/05/01 21:18:44,open,"737548-7,8,9","64,186,200",,3,,
西条市丹原町丹原,西条市,コン柱,2023/05/04 11:53:02,open,"737548-1,2,3","44,105,46",,3,,
西条市玉之江,西条市,コン柱,2023/05/04 12:55:18,open,"737549-1,2,3","131,127,234",,3,,
西条市中野乙,西条市,コン柱,2023/03/26 11:01:14,open,"737515-7,8","316,20",,2,,
西条市福武甲①,西条市,コン柱,2023/05/04 20:52:27,open,"737515-4,5,6","167,166,165",,3,1,2
西条市飯岡①,西条市,コン柱,2022/06/01 00:00:00,open,"737362-1,2,3","201,140,310",,3,,
西条市飯岡②,西条市,コン柱,2022/06/01 00:00:00,open,"737358-4,5,6","227,144,145",,3,,
西条市樋之口①,西条市,コン柱,2023/04/16 18:49:35,open,"737521-7,8,9","343,342,338",,3,1,2
西条市壬生川,西条市,コン柱,2023/05/04 21:02:56,open,"737545-7,8,9","98,27,67",,3,,
西条市船屋甲,西条市,コン柱,2023/05/04 14:09:59,open,"737516-1,2,3","329,84,307",,3,,
西条市小松町明穂,西条市,コン柱,2023/04/28 22:46:38,open,"737516-9,10,11","164,63,296",,3,,
西条市丹原町志川,西条市,コン柱,2022/06/01 00:00:00,open,"737361-7,8,9","63,64,173",,3,,
西条市安知生,西条市,コン柱,2023/03/26 11:13:44,open,"737514-4,5,6","230,106,156",,3,1,2
西条市河原津,西条市,コン柱,2022/06/01 00:00:00,open,"737381-1,2","25,24",,2,,
西条市下島山甲,西条市,コン柱,2023/05/04 14:08:51,open,"737521-4,5,6","355,141,299",,3,,
西条市小松町南川,西条市,コン柱,2023/04/28 22:50:33,open,"737513-6,7,8","168,336,41",,3,,
西条市禎瑞,西条市,コン柱,2023/05/04 13:12:46,open,"737514-7,8,9","321,2,256",,3,,
西条市朔日市,西条市,コン柱,2023/05/04 13:33:35,open,"737520-9,10,11","48,368,172",,3,,
西条市丹原町長野,西条市,コン柱,2023/04/23 21:57:40,open,"737545-10,11,12","151,152,150",,3,,
西条市福武甲②,西条市,コン柱,2023/05/04 20:53:41,open,"737514-1,2,3","199,252,149",,3,,
西条市港,西条市,コン柱,2022/06/01 00:00:00,open,"737357-10,11","88,122",,2,,
西条市丹原町田滝,西条市,コン柱,2022/06/01 00:00:00,open,"737361-1,2,3","36,241,38",,3,,
西条市丹原町来見,西条市,コン柱,2022/06/01 00:00:00,open,"737361-4,5,6","251,249,250",,3,,
西条市今在家,西条市,コン柱,2023/05/04 12:56:13,open,"737549-4,5,6","326,117,226",,3,,
西条市国安,西条市,コン柱,2023/05/04 11:32:04,open,"737548-10,11,12","32,231,4",,3,,
西条市楠,西条市,コン柱,2023/05/04 21:04:06,open,"737546-1,2,3","222,40,221",,3,,
西条市大浜,西条市,コン柱,2022/06/01 00:00:00,open,"737380-6,7","348,179",,2,2,2
西条市三芳,西条市,コン柱,2023/05/04 11:33:14,open,"737547-1,2,3","173,105,127",,3,,
西条市兎之山乙,西条市,コン柱,2022/06/01 00:00:00,open,"737358-10,11","198,200",,2,,
西条市樋之口②,西条市,コン柱,2023/03/26 11:02:42,open,"737516-6,7,8","353,38,204",,3,3,3
西条市河之内,西条市,コン柱,2023/05/04 11:29:19,open,"737547-4,5","378,50",,2,,
西条市樋之口③,西条市,コン柱,2023/05/04 13:25:01,open,"737515-1,2,3","42,352,155",,3,,
西条市小松町新屋敷①,西条市,コン柱,2023/04/28 22:52:46,open,"737518-4,5,6","81,365,364",,3,,
西条市新町,西条市,コン柱,2023/05/04 11:30:22,open,"737546-8,9,10","216,358,57",,3,,
西条市神拝乙,西条市,屋上,2023/03/26 11:07:41,open,"737519-10,11,12","287,286,285",,3,,
西条市大町①,西条市,屋上,2023/03/26 11:10:07,open,"737520-3,4,5","161,160,261",,3,,
西条市神拝甲,西条市,屋上,2023/03/26 11:08:44,open,"737519-4,5,6","125,178,357",,3,,
西条市玉津,西条市,コン柱,2023/05/04 13:44:07,open,"737520-6,7,8","183,116,184",,3,,
西条市氷見丙,西条市,コン柱,2022/06/01 00:00:00,open,"737414-1,2,3","361,362,360",,3,,
西条市三津屋東,西条市,コン柱,2023/05/04 21:01:07,open,"737546-5,6,7","189,311,29",,3,,
西条市大町②,西条市,屋上,2023/05/04 20:50:38,open,"737519-1,2,3","123,266,220",,3,,
西条市早川,西条市,コン柱,2022/06/01 00:00:00,open,"737409-9,10","235,61",,2,,
西条市小松町妙口,西条市,コン柱,2023/05/05 23:59:19,open,"737518-1,2,3","77,298,75",,3,,
四国中央市下柏町①,四国中央市,コン柱,2022/11/13 02:08:30,open,"737305-1,2,3","65,174,175",,3,1,2
四国中央市中曽根町①,四国中央市,コン柱,2022/06/01 00:00:00,open,"737317-1,2","217,216",,2,,
四国中央市土居町野田,四国中央市,コン柱,2023/04/02 02:21:23,open,"737507-10,11,12","24,25,374",,3,,
四国中央市土居町入野,四国中央市,コン柱,2023/04/02 02:27:59,open,"737508-7,8,9","351,353,352",,3,,
四国中央市土居町小林,四国中央市,コン柱,2023/04/02 02:24:37,open,"737508-1,2,3","7,6,242",,3,,
四国中央市寒川町①,四国中央市,コン柱,2022/06/01 00:00:00,open,"737308-1,2,3","337,273,275",,3,,
四国中央市土居町津根①,四国中央市,コン柱,2022/06/01 00:00:00,open,"737319-4,5,6","299,372,346",,3,,
四国中央市土居町天満,四国中央市,コン柱,2022/06/01 00:00:00,open,"737330-4,5,6","176,169,366",,3,,
四国中央市中之庄町②,四国中央市,コン柱,2022/06/01 00:00:00,open,"737332-1,2","80,369",,2,,
四国中央市村松町,四国中央市,コン柱,2022/06/01 00:00:00,open,"737305-4,5,6","306,41,196",,3,,
四国中央市下柏町②,四国中央市,コン柱,2022/06/01 00:00:00,open,"737305-7,8,9","140,139,138",,3,,
四国中央市金生町下分①,四国中央市,コン柱,2022/12/06 23:34:42,open,"737466-7,8,9","231,286,272",,3,,
四国中央市川之江町②,四国中央市,コン柱,2023/04/29 00:15:25,open,"737466-4,5,6","249,194,85",,3,,
四国中央市川滝町下山①,四国中央市,コン柱,2023/03/03 20:59:15,open,"737465-8,9","182,27",,2,,
四国中央市寒川町②,四国中央市,コン柱,2022/06/01 00:00:00,open,"737394-4,5,6","48,50,49",,3,,
四国中央市中之庄町①,四国中央市,コン柱,2022/06/01 00:00:00,open,"737332-4,5,6","29,28,27",,3,,
四国中央市川之江町①,四国中央市,コン柱,2023/04/16 10:57:04,open,"737467-7,8,9","252,79,215",,3,,
四国中央市川之江町長須,四国中央市,コン柱,2023/04/29 00:12:01,open,"737465-1,2","220,21",,2,,
四国中央市三島中央一丁目,四国中央市,コン柱,2022/06/01 00:00:00,open,"737368-1,2,3","211,210,212",,3,,
四国中央市金田町半田,四国中央市,コン柱,2023/03/03 21:03:50,open,"737459-10,11,12","246,379,356",,3,,
四国中央市金田町金川①,四国中央市,コン柱,2023/03/03 21:07:45,open,"737459-4,5,6","108,368,65",,3,,
四国中央市妻鳥町①,四国中央市,コン柱,2023/03/03 21:10:29,open,"737459-7,8,9","254,10,258",,3,,
四国中央市妻鳥町②,四国中央市,コン柱,2022/12/06 23:33:01,open,"737465-5,6,7","142,347,25",,3,,
四国中央市金生町山田井,四国中央市,コン柱,2022/06/01 00:00:00,open,"737350-4,5,6","63,152,64",,3,,
四国中央市川之江町③,四国中央市,コン柱,2022/06/01 00:00:00,open,"737351-4,5","300,215",,2,,
四国中央市土居町藤原,四国中央市,コン柱,2022/06/01 00:00:00,open,"737330-1,2,3","330,50,142",,3,,
四国中央市妻鳥町③,四国中央市,コン柱,2022/11/13 02:09:19,open,"737349-9,10","204,206",,2,1,2
四国中央市寒川町③,四国中央市,コン柱,2022/06/01 00:00:00,open,"737391-1,2,3","44,42,43",,3,,
四国中央市土居町上野①,四国中央市,コン柱,2023/04/16 11:16:39,open,"737509-2,3,4","3,307,5",,3,,
四国中央市中曽根町②,四国中央市,屋上,2022/06/01 00:00:00,open,"737393-1,2,3","341,157,342",,3,,
四国中央市金田町金川②,四国中央市,コン柱,2022/06/01 00:00:00,ready,,,,2,,
四国中央市妻鳥町④,四国中央市,コン柱,2022/12/06 23:36:13,open,"737467-4,5,6","167,172,279",,3,,
四国中央市三島宮川四丁目,四国中央市,屋上,2022/06/01 00:00:00,open,"737393-4,5,6","158,67,156",,3,,
四国中央市川之江町④,四国中央市,コン柱,2023/04/16 10:58:40,open,"737467-1,2,3","278,355,171",,3,,
四国中央市金生町下分②,四国中央市,コン柱,2023/03/03 21:11:53,open,"737467-10,11,12","325,285,212",,3,,
四国中央市豊岡町大町,四国中央市,コン柱,2022/06/01 00:00:00,open,"737403-1,2,3","355,242,252",,3,,
四国中央市土居町津根②,四国中央市,屋上,2022/06/01 00:00:00,open,"737400-4,5,6","55,362,318",,3,,
四国中央市上分町,四国中央市,コン柱,2023/03/03 21:09:10,open,"737468-1,2,3","156,332,8",,3,,
越智郡上島町岩城①,上島町,コン柱,2022/06/01 00:00:00,open,"737430-4,5,6","237,239,82",,3,,
越智郡上島町弓削佐島,上島町,コン柱,2022/06/01 00:00:00,ready,,,,3,,
越智郡上島町岩城②,上島町,コン柱,2022/06/01 00:00:00,open,"737409-7,8","14,175",,2,,
越智郡上島町生名①,上島町,コン柱,2022/06/01 00:00:00,open,"737400-7,8,9","177,286,26",,3,,
越智郡上島町弓削上弓削,上島町,コン柱,2022/06/01 00:00:00,ready,,,,2,,
越智郡上島町弓削下弓削,上島町,コン柱,2022/06/01 00:00:00,ready,,,,,,
越智郡上島町生名②,上島町,コン柱,2022/12/04 22:19:15,open,"737402-4,5,6","82,327,329",,3,,
松山市東方町,松山市,コン柱,2022/06/01 00:00:00,open,"737292-4,5,6","221,219,220",,3,,
松山市平和通三丁目,松山市,屋上,2022/06/01 00:00:00,open,"737302-1,2,3","301,300,302",,3,,
松山市清住一丁目,松山市,コン柱,2022/06/01 00:00:00,open,"737282-7,8,9","140,138,139",,3,,
松山市鷹子町,松山市,コン柱,2022/06/01 00:00:00,open,"737284-4,5,6","6,308,7",,3,,
松山市中野町,松山市,コン柱,2022/06/01 00:00:00,open,"737292-1,2,3","35,34,33",,3,,
松山市北久米町,松山市,コン柱,2022/06/01 00:00:00,open,"737284-7,8,9","84,85,86",,3,,
松山市三津三丁目,松山市,コン柱,2022/06/01 00:00:00,open,"737282-1,2,3","23,22,21",,3,,
松山市東長戸一丁目,松山市,コン柱,2022/06/01 00:00:00,open,"737309-1,2,3","329,64,285",,3,,
松山市大浦,松山市,コン柱,2022/06/01 00:00:00,open,"737313-7,8","296,295",,2,,
松山市森松町①,松山市,コン柱,2022/06/01 00:00:00,open,"737328-1,2,3","78,283,284",,3,,
松山市森松町②,松山市,コン柱,2022/07/29 21:51:08,open,"737286-4,5,6","277,278,276",,3,1,2
松山市南高井町,松山市,コン柱,2022/06/01 00:00:00,open,"737284-10,11,12","182,181,180",,3,,
松山市来住町,松山市,コン柱,2022/06/01 00:00:00,open,"737314-1,2,3","231,311,361",,3,,
松山市朝生田町二丁目,松山市,コン柱,2022/06/01 00:00:00,open,"737327-4,5,6","92,90,91",,3,,
松山市小栗二丁目,松山市,コン柱,2022/06/01 00:00:00,open,"737325-4,5,6","172,65,63",,3,,
松山市東石井六丁目,松山市,コン柱,2022/06/01 00:00:00,open,"737301-1,2,3","312,314,313",,3,,
松山市和泉南二丁目,松山市,コン柱,2022/06/01 00:00:00,open,"737290-1,2,3","348,349,350",,3,,
松山市古川南三丁目,松山市,コン柱,2022/07/29 21:52:01,open,"737285-1,2,3","129,131,130",,3,1,2
松山市今在家一丁目,松山市,コン柱,2022/06/01 00:00:00,open,"737289-1,2,3","32,31,30",,3,,
松山市水泥町,松山市,コン柱,2022/06/01 00:00:00,open,"737286-7,8,9","0,1,2",,3,,
松山市北斎院町①,松山市,コン柱,2022/06/01 00:00:00,open,"737299-4,5,6","271,272,270",,3,,
松山市宮西一丁目①,松山市,コン柱,2022/06/01 00:00:00,open,"737299-1,2,3","29,141,28",,3,,
松山市北井門二丁目,松山市,コン柱,2022/06/01 00:00:00,open,"737310-1,2,3","267,269,268",,3,,
松山市立花二丁目,松山市,コン柱,2022/06/01 00:00:00,open,"737325-7,8,9","195,197,196",,3,,
松山市畑寺二丁目,松山市,コン柱,2022/06/01 00:00:00,open,"737295-1,2,3","247,246,248",,3,1,2
松山市三番町三丁目,松山市,コン柱,2022/06/01 00:00:00,open,"737304-10,11","147,149",,3,,
松山市中村一丁目,松山市,コン柱,2022/06/01 00:00:00,open,"737314-4,5,6","15,17,16",,3,1,1
松山市樽味四丁目,松山市,コン柱,2022/06/01 00:00:00,open,"737327-7,8,9","193,162,299",,3,,
松山市道後喜多町,松山市,コン柱,2022/06/01 00:00:00,open,"737323-10,11,12","242,240,241",,3,,
松山市祝谷二丁目,松山市,コン柱,2022/06/01 00:00:00,open,"737318-1,2,3","125,307,306",,3,1,2
松山市道後樋又,松山市,コン柱,2022/06/01 00:00:00,open,"737327-1,2,3","152,213,151",,3,,
松山市井門町①,松山市,コン柱,2022/06/01 00:00:00,open,"737329-1,2,3","94,95,93",,3,,
松山市居相二丁目,松山市,コン柱,2022/06/01 00:00:00,open,"737285-4,5,6","167,165,166",,3,,
松山市高井町,松山市,コン柱,2022/06/01 00:00:00,open,"737284-1,2,3","315,316,317",,3,1,2
松山市石手白石,松山市,コン柱,2023/05/10 12:45:40,open,"737564-1,2,3","39,353,292",,3,,
松山市束本一丁目,松山市,コン柱,2022/06/01 00:00:00,open,"737314-10,11,12","71,70,69",,3,,
松山市市坪南一丁目,松山市,コン柱,2022/06/01 00:00:00,open,"737293-1,2,3","68,66,67",,3,,
松山市東野五丁目,松山市,コン柱,2022/06/01 00:00:00,open,"737295-7,8,9","238,239,237",,3,3,3
松山市余戸中二丁目,松山市,コン柱,2022/06/01 00:00:00,open,"737312-4,5,6","331,330,332",,3,,
松山市南吉田町①,松山市,コン柱,2023/03/27 20:37:02,open,"737563-4,5,6","233,90,106",,3,,
松山市保免中三丁目,松山市,コン柱,2023/05/10 13:24:38,open,"737562-1,2,3","105,269,229",,3,,
松山市大可賀三丁目,松山市,コン柱,2022/06/01 00:00:00,open,"737283-1,2,3","136,137,135",,3,,
松山市西垣生町①,松山市,コン柱,2023/05/10 10:16:45,open,"737562-9,10,11","74,300,368",,3,1,2
松山市西垣生町②,松山市,コン柱,2022/06/01 00:00:00,open,"737315-6,7,8","59,44,43",,3,,
松山市空港通一丁目,松山市,コン柱,2022/06/01 00:00:00,open,"737312-1,2,3","83,82,81",,3,,
松山市北吉田町,松山市,コン柱,2022/06/01 00:00:00,open,"737313-1,2,3","339,341,340",,3,,
松山市北藤原町,松山市,屋上,2022/06/01 00:00:00,open,"737325-10,11,12","223,224,222",,3,,
松山市大手町二丁目,松山市,屋上,2022/06/01 00:00:00,open,"737295-10,11,12","288,290,289",,3,,
松山市中央一丁目,松山市,屋上,2022/06/01 00:00:00,open,"737299-7,8","156,352",,2,,
松山市別府町,松山市,コン柱,2022/06/01 00:00:00,open,"737282-10,11","75,77",,2,,
松山市山西町,松山市,コン柱,2022/06/01 00:00:00,open,"737282-4,5,6","24,25,26",,3,,
松山市小川,松山市,コン柱,2022/06/01 00:00:00,open,"737298-1,2,3","102,103,104",,3,,
松山市鹿峰,松山市,コン柱,2022/06/01 00:00:00,open,"737307-1,2,3","84,160,179",,3,,
松山市下難波,松山市,コン柱,2022/06/01 00:00:00,open,"737315-9,10,11","72,143,142",,3,,
松山市北条辻,松山市,コン柱,2022/06/01 00:00:00,open,"737313-9,10,11","374,322,167",,3,,
松山市中西内,松山市,コン柱,2022/06/01 00:00:00,open,"737316-1,2,3","50,192,166",,3,,
松山市末町,松山市,コン柱,2023/05/04 10:24:20,open,"737564-4,5,6","179,288,178",,3,,
松山市正岡神田,松山市,コン柱,2022/06/01 00:00:00,open,"737313-4,5,6","329,66,328",,3,,
松山市久万ノ台①,松山市,コン柱,2022/06/01 00:00:00,open,"737314-7,8,9","334,333,335",,3,,
松山市内浜町,松山市,コン柱,2022/06/01 00:00:00,open,"737323-1,2,3","39,173,232",,3,,
松山市山越四丁目,松山市,コン柱,2022/06/01 00:00:00,open,"737309-4,5,6","47,45,46",,3,,
松山市美沢二丁目,松山市,コン柱,2022/06/01 00:00:00,open,"737300-1,2,3","366,367,368",,3,,
松山市吉藤五丁目,松山市,コン柱,2022/06/01 00:00:00,open,"737297-1,2,3","119,117,118",,3,,
松山市馬木町,松山市,コン柱,2022/06/01 00:00:00,open,"737288-10,11,12","10,9,11",,3,,
松山市太山寺町①,松山市,コン柱,2022/06/01 00:00:00,open,"737288-4,5,6","168,170,169",,3,,
松山市太山寺町②,松山市,コン柱,2022/06/01 00:00:00,open,"737288-1,2,3","175,176,174",,3,,
松山市堀江町①,松山市,コン柱,2022/06/01 00:00:00,open,"737287-4,5,6","186,187,41",,3,,
松山市河野別府,松山市,コン柱,2022/06/01 00:00:00,open,"737315-1,2,3","0,1,323",,3,,
松山市福音寺町,松山市,コン柱,2022/06/01 00:00:00,open,"737304-1,2,3","347,60,310",,3,,
松山市下伊台町①,松山市,コン柱,2023/05/10 12:14:43,open,"737565-1,2","103,125",,2,,
松山市白水台六丁目,松山市,コン柱,2022/06/01 00:00:00,open,"737322-1,2,3","281,280,279",,3,1,2
松山市下伊台町②,松山市,コン柱,2023/05/10 12:06:56,open,"737565-3,4,5","131,259,260",,3,3,3
松山市余戸東一丁目,松山市,屋上,2023/05/10 13:40:21,open,"737560-7,8,9","377,378,103",,3,,
松山市湯の山八丁目,松山市,コン柱,2023/05/10 11:54:43,open,"737564-7,8","301,104",,2,,
松山市一番町一丁目,松山市,屋上,2022/06/01 00:00:00,open,"737304-7,8,9","200,198,199",,3,,
松山市浅海原,松山市,コン柱,2022/06/01 00:00:00,open,"737316-7,8,9","127,128,126",,3,,
松山市浄瑠璃町,松山市,コン柱,2022/06/01 00:00:00,open,"737291-1,2","57,58",,2,,
松山市平井町,松山市,コン柱,2022/06/01 00:00:00,open,"737325-1,2,3","110,108,109",,3,,
松山市高野町,松山市,コン柱,2023/05/04 11:30:36,open,"737565-9,10,11","19,46,213",,3,,
松山市小川谷,松山市,コン柱,2022/06/01 00:00:00,open,"737298-4,5,6","138,139,140",,3,,
松山市福角町,松山市,コン柱,2022/06/01 00:00:00,open,"737287-1,2,3","112,48,356",,3,,
松山市勝岡町,松山市,コン柱,2022/06/01 00:00:00,open,"737288-7,8,9","87,89,88",,3,,
松山市高浜町一丁目,松山市,屋上,2022/06/01 00:00:00,open,"737327-10,11,12","253,254,252",,3,,
松山市南白水三丁目,松山市,コン柱,2023/05/10 12:24:14,open,"737564-9,10,11","95,71,325",,3,3,3
松山市祝谷東町,松山市,コン柱,2022/06/01 00:00:00,open,"737295-4,5","264,265",,2,,
松山市土居田町①,松山市,コン柱,2023/05/10 13:31:45,open,"737559-7,8,9","82,125,285",,3,1,2
松山市問屋町,松山市,コン柱,2022/06/01 00:00:00,open,"737309-10,11,12","282,61,62",,3,,
松山市山越一丁目,松山市,コン柱,2022/06/01 00:00:00,open,"737309-7,8,9","325,324,326",,3,,
松山市谷町,松山市,コン柱,2022/06/01 00:00:00,open,"737323-4,5,6","32,315,316",,3,,
松山市高岡町,松山市,屋上,2023/05/10 10:54:31,open,"737559-10,11","5,3",,2,,
松山市北斎院町②,松山市,コン柱,2023/05/10 11:03:28,open,"737562-7,8","255,218",,2,,
松山市南斎院町,松山市,コン柱,2022/06/01 00:00:00,open,"737311-1,2","338,337",,2,1,2
松山市北梅本町①,松山市,コン柱,2022/06/01 00:00:00,open,"737286-1,2,3","259,258,260",,3,,
松山市窪野町,松山市,コン柱,2022/06/01 00:00:00,open,"737323-7,8,9","216,218,217",,3,,
松山市北梅本町②,松山市,コン柱,2022/06/01 00:00:00,open,"737391-4,5,6","163,164,192",,3,,
松山市針田町,松山市,コン柱,2023/03/31 16:37:19,open,"737561-10,11,12","122,327,250",,3,,
松山市西石井二丁目,松山市,コン柱,2022/06/01 00:00:00,open,"737301-4,5,6","89,87,88",,3,,
松山市松末二丁目,松山市,コン柱,2022/06/01 00:00:00,open,"737286-10,11,12","243,245,244",,3,,
松山市古三津六丁目,松山市,コン柱,2022/06/01 00:00:00,open,"737283-4,5,6","369,371,370",,3,,
松山市安城寺町①,松山市,屋上,2022/06/01 00:00:00,open,"737391-7,8,9","52,51,53",,3,,
松山市大街道一丁目,松山市,屋内,2022/06/01 00:00:00,open,747281-1,404,,1,,
松山市宮西一丁目②,松山市,屋内,2022/06/01 00:00:00,open,"747282-1,2","404,405",,1,,
松山市由良町,松山市,コン柱,2022/06/01 00:00:00,close,,,,,,
松山市石手二丁目,松山市,コン柱,2023/05/10 11:34:31,open,"737565-6,7,8","185,107,127",,3,,
松山市中島大浦,松山市,コン柱,2022/06/01 00:00:00,close,,,,,,
松山市中島粟井,松山市,コン柱,2022/06/01 00:00:00,close,,,,,,
松山市富久町①,松山市,コン柱,2023/05/10 10:41:54,open,"737560-4,5,6","354,163,278",,3,,
松山市南江戸五丁目,松山市,屋上,2022/06/01 00:00:00,open,"737299-10,11,12","45,46,47",,3,,
松山市高浜町五丁目,松山市,コン柱,2022/06/01 00:00:00,open,"737283-7,8","17,16",,2,,
松山市西垣生町③,松山市,コン柱,2022/07/25 20:19:01,open,"737442-1,2,3","160,98,312",,3,,
松山市萩原,松山市,コン柱,2022/06/01 00:00:00,close,,,,,,
松山市一番町三丁目,松山市,屋上,2022/06/01 00:00:00,open,"737416-4,5","364,57",,2,,
松山市平和通二丁目,松山市,屋上,2022/06/01 00:00:00,open,"737403-10,11,12","125,123,124",,3,,
松山市堀江町②,松山市,コン柱,2022/06/01 00:00:00,open,"737437-4,5,6","55,3,350",,3,,
松山市木屋町二丁目,松山市,屋上,2022/06/01 00:00:00,open,"737302-4,5,6","103,177,305",,3,,
松山市北斎院町③,松山市,コン柱,2023/05/10 11:10:19,open,"737560-10,11,12","51,308,313",,3,,
松山市古三津三丁目,松山市,コン柱,2022/06/01 00:00:00,open,"737422-10,11,12","319,318,320",,3,,
松山市東垣生町,松山市,コン柱,2023/05/10 10:29:55,open,"737560-1,2,3","279,307,215",,3,,
松山市泉町,松山市,屋上,2022/06/01 00:00:00,open,"737304-4,5,6","205,204,206",,3,,
松山市土居田町②,松山市,コン柱,2023/03/19 20:01:15,open,"737561-7,8,9","69,173,73",CBSB838000987,3,,
松山市千舟町五丁目,松山市,屋上,2022/06/01 00:00:00,open,"737429-8,9,10",14230941,,3,,
松山市高山町,松山市,コン柱,2022/06/01 00:00:00,open,"737283-10,11,12","209,208,207",,3,,
松山市新浜町,松山市,屋上,2022/06/01 00:00:00,open,"737439-9,10","2,146",,2,,
松山市西長戸町,松山市,コン柱,2022/06/01 00:00:00,open,"737432-1,2,3","58,321,374",,3,,
松山市久谷町,松山市,コン柱,2022/07/28 19:42:32,open,"737440-1,2,3","352,120,140",,3,,
松山市三町三丁目,松山市,屋上,2022/06/01 00:00:00,open,"737440-4,5,6","22,336,359",,3,,
松山市久米窪田町,松山市,コン柱,2022/06/01 00:00:00,open,"737432-4,5,6","105,344,13",,3,,
松山市市坪北二丁目,松山市,コン柱,2022/06/01 00:00:00,open,"737293-4,5,6","93,94,95",,3,,
松山市石手四丁目,松山市,屋上,2022/06/01 00:00:00,open,"737432-10,11,12","321,323,322",,3,,
松山市菅沢町,松山市,コン柱,2022/06/01 00:00:00,close,,,,,,
松山市住吉一丁目,松山市,屋上,2022/06/01 00:00:00,open,"737439-4,5,6","56,55,54",,3,,
松山市北持田町,松山市,屋上,2022/06/01 00:00:00,open,"737432-7,8,9","279,172,323",,3,,
松山市南吉田町②,松山市,屋上,2022/07/29 21:57:26,open,"737434-4,5,6","34,345,35",,3,,
松山市久万ノ台②,松山市,屋上,2022/07/29 21:55:37,open,"737300-4,5,6","286,287,285",,3,,
松山市湊町八丁目,松山市,屋上,2022/07/29 21:53:17,open,"737439-1,2,3","88,320,36",,3,,
松山市道後多幸町,松山市,屋上,2022/07/29 21:52:32,open,"737437-1,2,3","135,137,136",,3,,
松山市南梅本町,松山市,コン柱,2022/06/01 00:00:00,open,"737440-9,10,11","254,5,3",,3,,
伊予市中村,伊予市,コン柱,2023/03/27 21:01:08,open,"737479-4,5,6","238,284,9",,3,1,2
伊予市灘町,伊予市,コン柱,2023/03/21 17:43:41,open,"737487-1,2","148,293",,2,,
伊予市宮下,伊予市,コン柱,2023/03/22 22:00:01,open,"737478-3,4,5","13,12,22",,3,,
伊予市下三谷①,伊予市,コン柱,2023/03/27 22:48:00,open,"737479-1,2,3","124,111,80",,3,,
伊予市米湊②,伊予市,コン柱,2023/03/21 17:36:14,open,"737478-9,10,11","208,209,207",,3,,
伊予市上三谷,伊予市,コン柱,2023/03/21 17:37:31,open,"737478-6,7,8","87,362,18",,3,,
伊予市大平①,伊予市,コン柱,2023/03/21 17:20:11,open,"737483-10,11,12","170,169,276",,3,,
伊予市米湊①,伊予市,コン柱,2023/03/21 17:42:18,open,"737479-7,8,9","188,186,187",,3,,
伊予市双海町串①,伊予市,コン柱,2022/06/01 00:00:00,open,"737394-7,8","35,52",,2,,
伊予市双海町上灘①,伊予市,コン柱,2023/03/19 19:36:39,open,"737485-4,5","357,358",,2,,
伊予市下三谷②,伊予市,コン柱,2023/03/21 17:38:48,open,"737483-7,8,9","26,132,133",,3,,
伊予市上吾川,伊予市,コン柱,2023/03/21 17:41:02,open,"737483-1,2,3","176,289,174",,3,,
伊予市大平②,伊予市,コン柱,2023/03/27 20:59:08,open,"737478-1,2","316,317",,2,1,2
伊予市本郡,伊予市,コン柱,2023/03/21 17:46:19,open,"737484-1,2","47,46",,2,,
伊予市双海町高野川,伊予市,コン柱,2023/03/19 19:37:37,open,"737481-1,2","229,45",,2,,
伊予市下唐川,伊予市,コン柱,2022/06/01 00:00:00,open,"737408-1,2","334,333",,2,,
伊予市中山町中山①,伊予市,コン柱,2023/03/21 17:22:27,open,"737480-1,2,3","340,341,339",,3,,
伊予市八倉,伊予市,コン柱,2023/03/03 20:52:24,open,"737482-9,10,11","280,126,128",,3,,
伊予市中山町中山丑,伊予市,コン柱,2023/03/26 00:06:18,open,"737449-10,11","210,260",,2,,
伊予市大平乙,伊予市,コン柱,2023/03/21 17:18:37,open,"737480-5,6,7","6,8,7",,3,,
伊予市中山町中山②,伊予市,コン柱,2022/09/05 21:00:49,ready,,,,2,,
伊予市双海町高岸,伊予市,コン柱,2023/03/19 19:35:25,open,"737481-6,7","185,296",,2,,
伊予市下吾川,伊予市,コン柱,2023/03/26 00:01:31,open,"737480-8,9,10","226,266,227",,3,,
東温市則之内①,東温市,コン柱,2023/03/21 18:29:38,open,"737505-1,2","32,30",,2,,
東温市則之内②,東温市,コン柱,2023/03/21 17:54:30,open,"737505-3,4","214,253",,2,1,2
東温市北野田,東温市,コン柱,2022/06/01 00:00:00,open,"737371-1,2,3","72,73,74",,3,,
東温市田窪①,東温市,コン柱,2022/06/01 00:00:00,open,"737382-1,2,3","356,142,183",,3,,
東温市下林①,東温市,コン柱,2022/06/01 00:00:00,open,"737372-1,2,3","241,23,132",,3,,
東温市松瀬川①,東温市,コン柱,2022/06/01 00:00:00,open,"737383-1,2,3","321,322,323",,3,1,2
東温市上村,東温市,コン柱,2023/04/23 21:55:34,open,"737386-1,2,3","319,171,8",,3,,
東温市見奈良,東温市,コン柱,2022/06/01 00:00:00,open,"737382-4,5,6","226,227,225",,3,,
東温市上林①,東温市,コン柱,2022/06/01 00:00:00,open,"737372-4,5","304,305",,2,1,2
東温市則之内③,東温市,コン柱,2022/06/01 00:00:00,open,"737396-7,8","228,229",,2,,
東温市北方,東温市,コン柱,2023/03/21 18:33:14,open,"737504-7,8,9","25,168,248",,3,,
東温市則之内④,東温市,コン柱,2022/06/01 00:00:00,open,"737413-1,2","87,88",,2,,
東温市山之内①,東温市,衛星,2022/06/01 00:00:00,open,742213-1,1,,1,,
東温市山之内②,東温市,衛星,2022/10/02 18:57:39,open,742203-1,1,,1,,
東温市志津川,東温市,コン柱,2022/06/01 00:00:00,open,"737382-7,8,9","329,327,328",,3,,
東温市南方,東温市,屋上,2023/03/21 18:31:24,open,"737504-4,5,6","310,311,309",,3,,
東温市山之内③,東温市,au共用,2022/06/01 00:00:00,open,742226-1,1,,1,,
東温市樋口①,東温市,ピコセル,2022/08/04 08:35:42,open,752280-1,387,,1,,
東温市松瀬川②,東温市,衛星,2022/06/01 00:00:00,open,742202-1,1,,1,,
東温市山之内木地,東温市,au共用,2022/06/01 00:00:00,open,742225-1,1,,1,,
東温市田窪②,東温市,コン柱,2022/06/01 00:00:00,open,"737437-10,11,12","77,177,178",,3,,
上浮穴郡久万高原町入野,久万高原町,コン柱,2023/03/19 20:08:12,open,"737531-1,2,3","318,319,320",,3,1,1
上浮穴郡久万高原町西明神①,久万高原町,コン柱,2023/03/19 20:05:47,open,"737531-4,5,6","183,184,185",,3,,
上浮穴郡久万高原町露峰,久万高原町,コン柱,2023/03/19 20:17:16,open,"737530-10,11,12","6,7,8",,3,,
上浮穴郡久万高原町下畑野川,久万高原町,コン柱,2023/03/19 20:10:07,open,"737530-4,5,6","179,177,70",,3,,
上浮穴郡久万高原町久万,久万高原町,コン柱,2023/03/19 20:12:07,open,"737530-1,2,3","25,26,24",,3,,
上浮穴郡久万高原町菅生,久万高原町,コン柱,2023/03/19 20:14:59,open,"737529-8,9,10","287,285,286",,3,,
上浮穴郡久万高原町直瀬,久万高原町,コン柱,2023/04/19 23:52:20,open,"737529-2,3,4","324,233,231",,3,,
伊予郡松前町大字出作,松前町,コン柱,2023/03/25 23:51:05,open,"737533-10,11,12","278,37,177",,3,,
伊予郡松前町大字北黒田①,松前町,コン柱,2023/03/26 00:00:25,open,"737533-7,8,9","350,151,117",,3,,
伊予郡松前町大字上高柳,松前町,コン柱,2023/03/25 23:52:06,open,"737530-7,8,9","190,62,255",,3,1,2
伊予郡松前町大字浜,松前町,コン柱,2023/03/25 23:58:23,open,"737532-7,8,9","101,351,274",,3,,
伊予郡松前町大字昌農内,松前町,コン柱,2023/03/25 23:53:22,open,"737533-4,5,6","299,49,48",,3,1,2
伊予郡松前町大字徳丸,松前町,コン柱,2023/03/25 23:50:04,open,"737532-10,11,12","335,333,199",,3,,
伊予郡松前町大字恵久美,松前町,コン柱,2023/03/22 22:01:41,open,"737533-1,2,3","191,102,301",,3,,
伊予郡松前町大字西古泉,松前町,コン柱,2023/03/25 23:55:36,open,"737532-4,5,6","248,139,120",,3,,
伊予郡松前町大字鶴吉,松前町,コン柱,2023/03/22 21:50:41,open,"737482-4,5,6","137,337,171",,3,,
伊予郡松前町大字筒井,松前町,屋上,2023/03/25 23:57:24,open,"737532-1,2,3","183,269,286",,3,,
伊予郡砥部町重光,砥部町,コン柱,2022/06/01 00:00:00,open,"737329-4,5,6","118,117,20",,3,,
伊予郡砥部町宮内①,砥部町,コン柱,2023/03/03 20:45:04,open,"737555-1,2,3","345,346,347",,3,1,3
伊予郡砥部町上原町,砥部町,コン柱,2023/03/03 20:47:01,open,"737559-1,2,3","57,296,124",,3,1,2
伊予郡砥部町高尾田①,砥部町,コン柱,2023/03/03 20:50:30,open,"737556-8,9,10","261,88,230",,3,,
伊予郡砥部町高尾田②,砥部町,コン柱,2022/06/01 00:00:00,open,"737328-4,5,6","159,160,161",,3,,
伊予郡砥部町宮内②,砥部町,コン柱,2023/03/03 20:43:36,open,"737554-7,8,9","38,142,36",,3,,
伊予郡砥部町北川毛,砥部町,コン柱,2023/03/03 20:39:28,open,"737556-4,5,6","357,358,359",,3,,
伊予郡砥部町川井,砥部町,コン柱,2023/03/24 22:22:03,open,"737555-9,10","78,79",,3,,
伊予郡砥部町川登①,砥部町,コン柱,2023/03/03 20:33:45,open,"737554-5,6","115,285",,2,,
伊予郡砥部町大南,砥部町,コン柱,2023/03/03 20:38:00,open,"737556-1,2,3","19,365,363",,3,,
伊予郡砥部町岩谷口,砥部町,コン柱,2023/03/03 20:35:44,open,"737555-6,7,8","134,156,133",,3,,
伊予郡砥部町総津,砥部町,コン柱,2022/06/01 00:00:00,open,"737403-4,5,6","11,10,9",,3,,
宇和島市錦町,宇和島市,コン柱,2022/06/01 00:00:00,open,"737296-1,2,3","161,159,160",,3,,
宇和島市伊吹町,宇和島市,コン柱,2022/06/01 00:00:00,open,"737294-1,2,3","110,108,109",,3,1,2
宇和島市高串①,宇和島市,コン柱,2022/06/01 00:00:00,open,"737343-1,2","357,358",,2,,
宇和島市夏目町二丁目,宇和島市,コン柱,2022/06/01 00:00:00,open,"737345-1,2,3","26,25,24",,3,,
宇和島市吉田町立間①,宇和島市,コン柱,2022/06/01 00:00:00,open,"737348-7,8","377,375",,2,,
宇和島市高串②,宇和島市,コン柱,2022/06/01 00:00:00,open,"737343-4,5,6","252,253,254",,3,,
宇和島市遊子①,宇和島市,コン柱,2022/06/01 00:00:00,open,"737369-9,10","363,365",,2,,
宇和島市遊子②,宇和島市,コン柱,2022/06/01 00:00:00,open,"737427-4,5","311,310",,2,,
宇和島市高串③,宇和島市,コン柱,2022/06/01 00:00:00,open,"737347-1,2,3","6,7,8",,3,,
宇和島市吉田町立間②,宇和島市,コン柱,2022/06/01 00:00:00,open,"737348-9,10","124,125",,2,,
宇和島市津島町高田①,宇和島市,コン柱,2022/06/01 00:00:00,open,"737399-3,4,5","187,11,10",,2,,
宇和島市祝森①,宇和島市,コン柱,2022/06/01 00:00:00,close,,,,,,
宇和島市野川,宇和島市,コン柱,2022/06/01 00:00:00,open,"737296-4,5,6","52,53,51",,3,,
宇和島市吉田町南君①,宇和島市,コン柱,2022/06/01 00:00:00,open,"737387-1,2","112,111",,2,,
宇和島市三間町宮野下,宇和島市,コン柱,2023/04/13 20:28:58,open,"737535-7,8,9","344,343,342",,3,,
宇和島市三間町大内,宇和島市,コン柱,2022/06/01 00:00:00,open,"737364-7,8,9","178,179,177",,3,,
宇和島市吉田町法花津,宇和島市,コン柱,2022/06/01 00:00:00,open,"737348-4,5,6","156,157,158",,3,,
宇和島市柿原,宇和島市,コン柱,2022/06/01 00:00:00,open,"737367-1,2,3","297,299,298",,3,,
宇和島市津島町岩渕,宇和島市,コン柱,2022/06/01 00:00:00,open,"737370-7,8,9","0,1,230",,3,,
宇和島市百之浦,宇和島市,コン柱,2022/06/01 00:00:00,open,"737341-7,8","369,371",,2,,
宇和島市大浦,宇和島市,コン柱,2022/06/01 00:00:00,open,"737353-1,2,3","0,1,2",,3,,
宇和島市吉田町河内,宇和島市,コン柱,2022/06/01 00:00:00,open,"737426-10,11,12","356,354,355",,3,,
宇和島市津島町上畑地,宇和島市,コン柱,2022/06/01 00:00:00,open,"737380-8,9","233,232",,2,,
宇和島市津島町北灘,宇和島市,コン柱,2022/06/01 00:00:00,open,"737388-4,5","14,12",,2,,
宇和島市保手四丁目,宇和島市,コン柱,2022/06/01 00:00:00,open,"737341-1,2","105,107",,2,,
宇和島市保田,宇和島市,コン柱,2022/06/01 00:00:00,open,"737345-4,5,6","274,275,273",,3,,
宇和島市坂下津,宇和島市,コン柱,2022/06/01 00:00:00,open,"737341-4,5,6","209,208,207",,3,,
宇和島市津島町高田②,宇和島市,コン柱,2022/06/01 00:00:00,open,"737420-1,2,3","199,200,198",,3,,
宇和島市下波,宇和島市,コン柱,2022/06/01 00:00:00,open,"737422-7,8,9","152,150,151",,3,,
宇和島市遊子③,宇和島市,コン柱,2022/06/01 00:00:00,close,,,,,,
宇和島市吉田町本町,宇和島市,コン柱,2022/06/01 00:00:00,open,"737424-6,7,8","78,79,80",,3,,
宇和島市妙典寺前,宇和島市,コン柱,2022/06/01 00:00:00,open,"737296-7,8,9","248,247,246",,3,,
宇和島市丸穂町一丁目,宇和島市,コン柱,2022/06/01 00:00:00,open,"737296-10,11,12","60,61,62",,3,,
宇和島市吉田町浅川,宇和島市,コン柱,2022/06/01 00:00:00,close,,,,,,
宇和島市吉田町南君②,宇和島市,コン柱,2022/06/01 00:00:00,close,,,,,,
宇和島市吉田町奥浦,宇和島市,コン柱,2022/06/01 00:00:00,close,,,,,,
宇和島市平浦,宇和島市,コン柱,2022/06/01 00:00:00,close,,,,,,
宇和島市小浜,宇和島市,コン柱,2022/06/01 00:00:00,open,737427-3,342,,1,,
宇和島市石応,宇和島市,コン柱,2022/06/01 00:00:00,close,,,,,,
八幡浜市大平,八幡浜市,コン柱,2023/01/08 14:33:40,open,"737472-4,5,6","372,184,203",,3,,
八幡浜市舌間,八幡浜市,コン柱,2023/01/08 14:48:19,open,"737473-7,8,9","189,280,191",,3,3,3
八幡浜市川上町川名津,八幡浜市,コン柱,2023/01/08 14:49:31,open,"737473-10,11,12","214,53,51",,3,3,3
八幡浜市穴井,八幡浜市,コン柱,2023/03/24 21:56:59,open,"737503-6,7","249,16",,2,,
八幡浜市保内町磯崎①,八幡浜市,コン柱,2023/03/19 19:41:35,open,"737500-3,4,5","134,212,211",,3,,
八幡浜市保内町宮内①,八幡浜市,コン柱,2023/01/08 14:34:58,open,"737472-10,11,12","91,90,92",,3,,
八幡浜市松柏,八幡浜市,コン柱,2023/01/08 14:31:17,open,"737470-4,5,6","174,176,175",,3,,
八幡浜市保内町川之石,八幡浜市,コン柱,2023/01/08 14:36:40,open,"737472-7,8,9","322,317,216",,3,,
八幡浜市真網代,八幡浜市,コン柱,2023/03/24 21:55:49,open,"737503-4,5","74,73",,2,,
八幡浜市若山①,八幡浜市,コン柱,2023/01/08 14:52:21,open,"737472-1,2,3","185,184,183",,3,1,2
八幡浜市郷,八幡浜市,コン柱,2023/01/08 14:29:39,open,"737473-1,2,3","76,75,77",,3,1,3
八幡浜市保内町宮内②,八幡浜市,コン柱,2022/06/01 00:00:00,close,,,,,,
八幡浜市日土町①,八幡浜市,コン柱,2023/05/01 11:48:59,open,"737580-1,2","291,293",,2,,
八幡浜市日土町②,八幡浜市,コン柱,2022/06/01 00:00:00,close,,,,,,
八幡浜市布喜川,八幡浜市,コン柱,2023/01/08 14:53:18,open,"737474-6,7,8","370,371,369",,3,,
八幡浜市保内町喜木,八幡浜市,コン柱,2022/06/01 00:00:00,close,,,,3,,
八幡浜市北浜一丁目,八幡浜市,コン柱,2023/01/08 14:32:21,open,"737475-5,6,7","239,237,344",,3,,
大洲市新谷①,大洲市,コン柱,2023/03/17 22:34:13,open,"737545-4,5,6","154,153,153",,3,,
大洲市八多喜町,大洲市,コン柱,2022/07/13 18:02:00,open,"737444-1,2,3","317,315,67",,3,,
大洲市春賀①,大洲市,コン柱,2022/07/13 18:07:00,open,"737444-4,5,6","91,183,92",,3,,
大洲市新谷②,大洲市,コン柱,2023/03/17 22:13:12,open,"737544-9,10,11","210,211,212",,3,1,3
大洲市菅田町菅田①,大洲市,コン柱,2023/03/17 22:31:06,open,"737543-7,8,9","35,33,34",,3,,
大洲市平野町野田①,大洲市,コン柱,2022/07/20 12:41:00,open,"737447-6,7","46,47",,2,,
大洲市白滝,大洲市,コン柱,2022/07/13 17:58:00,open,"737446-4,5,6","265,264,266",,3,1,3
大洲市長浜町沖浦,大洲市,コン柱,2023/03/17 22:23:51,open,"737501-5,6","370,371",,2,,
大洲市東大洲①,大洲市,コン柱,2023/03/17 22:29:06,open,"737543-10,11,12","322,321,323",,3,1,3
大洲市長浜,大洲市,屋上,2023/03/17 22:24:58,open,"737501-7,8,9","295,114,65",,3,,
大洲市長浜町櫛生,大洲市,コン柱,2023/04/17 14:04:30,open,"737578-2,3,4","226,227,275",CBSB838000693,3,,
大洲市長浜町出海,大洲市,コン柱,2023/03/19 19:38:47,open,"737500-1,2","153,313",,2,,
大洲市長浜町下須戒,大洲市,コン柱,2023/03/17 22:26:22,open,"737500-6,7,8","222,224,223",,3,,
大洲市西大洲,大洲市,コン柱,2022/07/17 16:00:00,open,"737445-7,8,9","364,99,287",,3,,
大洲市阿蔵①,大洲市,コン柱,2023/04/16 11:51:30,open,"737579-1,2,3","86,85,84",CBSB838000546,3,,
大洲市五郎①,大洲市,コン柱,2022/07/17 15:47:00,open,"737445-1,2,3","344 ,31, 66",,3,,
大洲市柚木,大洲市,コン柱,2022/07/17 16:12:00,open,"737446-1,2,3","219,118,221",,3,,
大洲市若宮①,大洲市,コン柱,2022/07/17 15:52:00,open,"737447-1,2,3","227,226,225",,3,,
大洲市東大洲②,大洲市,コン柱,2023/03/17 22:29:57,open,"737544-6,7,8","281,280,279",,3,,
大洲市東大洲③,大洲市,コン柱,2022/07/17 16:09:00,open,"737447-8,9,10","360,19,310",,3,,
大洲市徳森,大洲市,コン柱,2023/03/17 22:32:45,open,"737543-4,5,6","204,206,206",,3,1,3
大洲市菅田町菅田②,大洲市,コン柱,2023/03/17 22:31:51,open,"737544-3,4,5","19,20,18",,3,,
大洲市北只①,大洲市,コン柱,2022/07/20 12:36:00,open,"737446-7,8","127,128",,2,,
大洲市阿蔵②,大洲市,コン柱,2022/07/17 16:03:00,open,"737445-10,11,12","348,301,167",,3,,
大洲市東大洲④,大洲市,コン柱,2023/03/17 22:27:26,open,"737545-1,2,3","158,157,157",,3,,
大洲市若宮②,大洲市,コン柱,2022/06/01 00:00:00,close,,,,,,
大洲市上須戒,大洲市,コン柱,2022/06/01 00:00:00,open,"737446-9,10","213,214",,2,,
大洲市五郎②,大洲市,コン柱,2022/07/17 15:42:00,open,"737445-4,5,6","224,147, 217",,3,,
大洲市肱川町山鳥坂,大洲市,コン柱,2022/07/13 14:53:00,open,"737447-4,5","195,196",,2,,
大洲市平野町野田②,大洲市,コン柱,2022/07/20 12:47:00,open,"737444-7,8,9","52,96,98",,3,,
大洲市春賀②,大洲市,コン柱,2023/04/17 14:26:40,open,"737579-5,6","81,82",CBSB838000534,2,,
大洲市北只②,大洲市,コン柱,2022/08/06 22:03:17,open,"737449-1,2,3","237,239,238",,3,,
大洲市平野町野田③,大洲市,コン柱,2022/07/08 12:20:00,open,"737444-10,11,12","282,283,284",,3,,
西予市野村町野村①,西予市,コン柱,2022/06/01 00:00:00,open,"737394-1,2,3","240,241,242",,3,,
西予市宇和町明間,西予市,コン柱,2022/06/01 00:00:00,open,"737390-1,2","191,190",,2,1,2
西予市城川町高野子,西予市,コン柱,2023/04/28 22:31:20,open,"737549-9,10,11","327,328,329",,3,,
西予市城川町魚成,西予市,コン柱,2022/06/01 00:00:00,ready,,,,3,,
西予市野村町野村②,西予市,コン柱,2022/10/19 20:47:51,open,"737451-4,5,6","149,147,148",,3,,
西予市宇和町卯之町二丁目,西予市,コン柱,2023/03/24 22:09:59,open,"737524-10,11,12","195,197,196",,3,1,2
西予市宇和町大江,西予市,コン柱,2023/03/24 22:06:39,open,"737526-1,2,3","352,351,353",,3,,
西予市宇和町坂戸,西予市,コン柱,2023/05/03 12:19:46,open,"737584-4,5,6","331,330,332",,3,,
西予市宇和町伊賀上,西予市,コン柱,2023/04/22 10:47:28,open,"737523-10,11,12","290,288,289",,3,,
西予市宇和町皆田,西予市,コン柱,2023/03/22 21:54:47,open,"737522-7,8,9","171,173,172",,3,,
西予市宇和町久枝,西予市,コン柱,2023/03/24 22:11:51,open,"737527-4,5,6","250,251,249",,3,,
西予市宇和町新城,西予市,コン柱,2023/04/22 10:15:23,open,"737527-1,2,3","188,186,187",,3,1,3
西予市宇和町明石,西予市,コン柱,2023/04/22 10:21:11,open,"737522-4,5,6","114,115,116",,3,,
西予市三瓶町二及,西予市,コン柱,2023/03/24 22:00:17,open,"737503-8,9","298,299",,2,,
西予市三瓶町朝立①,西予市,コン柱,2023/03/24 22:03:35,open,"737502-9,10,11","150,152,151",,3,,
西予市三瓶町皆江,西予市,コン柱,2022/06/01 00:00:00,close,,,,,,
西予市明浜町宮野浦,西予市,コン柱,2023/04/22 11:46:12,open,"737524-1,2,3","255,323,214",,3,,
西予市三瓶町周木,西予市,コン柱,2023/03/24 21:58:19,open,"737501-3,4","125,124",,2,,
西予市三瓶町長早,西予市,コン柱,2023/03/24 21:59:15,open,"737501-1,2","321,148",,2,,
西予市城川町土居,西予市,コン柱,2022/06/01 00:00:00,open,"737339-1,2","241,242",,2,,
西予市宇和町西山田,西予市,コン柱,2023/03/24 22:13:41,open,"737526-9,10,11","317,315,316",,3,,
西予市宇和町田野中,西予市,コン柱,2023/04/22 09:54:19,open,"737525-1,2,3","375,376,377",,3,,
西予市宇和町岡山,西予市,コン柱,2023/03/24 22:05:38,open,"737524-4,5,6","192,194,193",,3,,
西予市野村町四郎谷,西予市,コン柱,2022/06/01 00:00:00,open,"737394-9,10,11","265,264,266",,3,,
西予市野村町高瀬,西予市,コン柱,2022/06/01 00:00:00,open,"737369-6,7,8","280,279,281",,3,,
西予市三瓶町下泊,西予市,コン柱,2023/04/22 12:14:08,open,"737502-1,2","320,318",,2,,
西予市三瓶町朝立②,西予市,コン柱,2023/03/24 22:04:37,open,"737500-9,10","14,12",,2,,
西予市宇和町卯之町四丁目,西予市,コン柱,2023/03/24 22:10:49,open,"737525-4,5,6","269,268,267",,3,1,3
西予市宇和町清沢,西予市,コン柱,2023/03/24 22:16:19,open,"737526-4,5,6","95,94,93",,3,,
西予市宇和町稲生,西予市,コン柱,2023/04/22 10:31:29,open,"737523-1,2,3","334,333,335",,3,,
西予市宇和町下川,西予市,コン柱,2022/12/07 22:03:52,ready,,,,2,,
西予市三瓶町蔵貫,西予市,コン柱,2023/03/24 22:01:11,open,"737502-4,5","338,336",,2,,
西予市宇和町下松葉,西予市,コン柱,2023/03/24 22:09:03,open,"737525-10,11,12","133,134,132",,3,,
西予市宇和町上松葉,西予市,コン柱,2023/03/24 22:08:00,open,"737525-7,8,9","228,230,229",,3,,
西予市宇和町岩木,西予市,コン柱,2023/03/24 22:15:12,open,"737524-7,8,9","126,127,128",,3,,
喜多郡内子町知清,内子町,コン柱,2023/03/21 17:27:59,open,"737558-10,11,12","135,136,137",,3,,
喜多郡内子町平岡,内子町,コン柱,2023/03/21 17:30:20,open,"737558-1,2,3","262,263,261",,3,,
喜多郡内子町内子,内子町,コン柱,2023/03/21 17:31:26,open,"737557-6,7,8","216,218,217",,3,1,2
喜多郡内子町川中,内子町,コン柱,2023/03/21 17:24:24,open,"737482-1,2,3","25,26,24",,3,,
喜多郡内子町内子大久喜甲,内子町,コン柱,2023/03/21 17:29:13,open,"737557-2,3,4","164,162,163",,3,,
喜多郡内子町立山①,内子町,コン柱,2023/03/21 17:25:38,open,"737481-8,9,10","244,243,245",,3,,
喜多郡内子町城廻①,内子町,コン柱,2023/03/21 17:26:51,open,"737558-7,8,9","299,297,298",,3,,
喜多郡内子町寺村,内子町,コン柱,2022/09/05 20:54:35,open,"737449-7,8,9","36,37,38",,3,,
喜多郡内子町大瀬中央,内子町,コン柱,2023/04/20 16:00:20,open,"737576-2,3,4","161,160,159",,3,,
西宇和郡伊方町九町,伊方町,コン柱,2023/01/10 19:51:27,open,"737473-4,5,6","129,131,130",,3,,
西宇和郡伊方町田部,伊方町,コン柱,2023/01/11 19:36:56,open,"737369-1,2,3","335,334,156",,3,,
西宇和郡伊方町川之浜①,伊方町,コン柱,2023/01/11 20:49:39,open,"737369-4,5","54,56",,2,,
西宇和郡伊方町二名津,伊方町,コン柱,2022/06/01 00:00:00,open,"737361-10,11","258,259",,2,,
西宇和郡伊方町正野,伊方町,コン柱,2022/11/12 19:54:38,open,"737439-7,8","74,72",,2,,
西宇和郡伊方町三机,伊方町,コン柱,2022/06/01 00:00:00,open,"737429-1,2,3","108,110,109",,3,,
西宇和郡伊方町湊浦,伊方町,コン柱,2023/01/08 14:40:12,open,"737475-3,4","13,164",,2,,
西宇和郡伊方町中之浜,伊方町,コン柱,2023/01/08 14:37:48,open,"737474-4,5","28,27",,2,,
西宇和郡伊方町豊之浦,伊方町,コン柱,2022/07/23 19:18:56,open,"737440-7,8","277,278",,2,,
西宇和郡伊方町三崎,伊方町,コン柱,2022/11/12 19:52:44,open,"737452-1,2","374,42",,2,,
西宇和郡伊方町中浦,伊方町,コン柱,2023/01/08 14:41:28,open,"737474-9,10,11","356,354,217",,3,1,2
西宇和郡伊方町河内,伊方町,コン柱,2023/01/08 14:39:02,open,"737475-1,2","35,33",,2,1,2
北宇和郡松野町大字目黒,松野町,コン柱,2022/06/01 00:00:00,open,"737416-6,7,8","291,267,268",,3,,
北宇和郡松野町大字豊岡,松野町,コン柱,2023/03/19 20:23:26,open,"737484-8,9,10","107,106,105",,3,1,2
北宇和郡松野町大字松丸,松野町,コン柱,2023/03/19 20:21:35,open,"737485-6,7,8","192,194,193",,3,,
北宇和郡鬼北町大字下鍵山①,鬼北町,コン柱,2022/06/01 00:00:00,open,"737427-1,2","43,44",,2,,
北宇和郡鬼北町大字近永①,鬼北町,コン柱,2023/03/19 20:28:17,open,"737485-9,10,11","368,367,366",,3,,
北宇和郡鬼北町大字奈良,鬼北町,コン柱,2022/11/13 01:52:01,open,"737461-3,4,5","175,174,176",,3,,
北宇和郡鬼北町大字下大野,鬼北町,コン柱,2023/03/19 20:32:35,open,"737534-1,2,3","241,240,242",,3,,
北宇和郡鬼北町大字出目,鬼北町,コン柱,2022/06/01 00:00:00,close,,,,,,
北宇和郡鬼北町大字沢松,鬼北町,コン柱,2023/01/08 14:58:58,open,"737476-4,5,6","363,365,364",,3,,
北宇和郡鬼北町大字小倉,鬼北町,コン柱,2023/03/19 20:31:01,open,"737485-1,2,3","102,367,104",,3,1,2
北宇和郡鬼北町大字吉波,鬼北町,コン柱,2023/04/13 20:27:24,ready,,,,3,,
北宇和郡鬼北町大字下鍵山②,鬼北町,コン柱,2023/03/19 20:35:12,open,"737549-7,8","243,245",,2,,
北宇和郡鬼北町大字清水,鬼北町,コン柱,2022/06/01 00:00:00,open,"737388-9,10,11","41,40,39",,3,1,3
北宇和郡鬼北町大字小松,鬼北町,コン柱,2023/03/19 20:34:09,open,"737534-4,5,6","347,345,346",,3,,
北宇和郡鬼北町大字近永②,鬼北町,コン柱,2023/03/19 20:26:56,open,"737486-4,5,6","60,61,62",,3,,
北宇和郡鬼北町大字延川,鬼北町,コン柱,2022/06/01 00:00:00,open,"737401-1,2,3","126,128,340",,3,,
南宇和郡愛南町御荘深泥,愛南町,コン柱,2022/06/01 00:00:00,open,"737339-6,7,8","257,255,256",,3,,
南宇和郡愛南町御荘平城③,愛南町,コン柱,2022/06/01 00:00:00,open,"737336-10,11,12","277,276,278",,3,,
南宇和郡愛南町久良,愛南町,コン柱,2022/06/01 00:00:00,open,"737339-9,10","288,289",,2,,
南宇和郡愛南町城辺甲①,愛南町,コン柱,2022/06/01 00:00:00,open,"737337-10,11,12","51,194,52",,3,,
南宇和郡愛南町御荘平城①,愛南町,コン柱,2022/06/01 00:00:00,open,"737383-4,5,6","71,69,70",,3,,
南宇和郡愛南町御荘平城②,愛南町,コン柱,2022/06/01 00:00:00,open,"737387-8,9,10","283,284,282",,3,,
南宇和郡愛南町城辺甲②,愛南町,コン柱,2022/06/01 00:00:00,open,"737407-4,5,6","354,355,356",,3,,
南宇和郡愛南町城辺甲③,愛南町,コン柱,2023/04/29 00:07:41,open,"737443-3,4,5","358,359,357",,3,,
南宇和郡愛南町船越,愛南町,コン柱,2022/06/01 00:00:00,close,,,,,,
南宇和郡愛南町緑乙,愛南町,コン柱,2022/06/01 00:00:00,open,"737413-6,7,8","59,58,57",,3,,
南宇和郡愛南町深浦,愛南町,コン柱,2022/06/01 00:00:00,open,"737419-4,5,6","65,64,63",,3,,
南宇和郡愛南町柏,愛南町,コン柱,2022/06/01 00:00:00,open,"737416-9,10,11","164,162,163",,3,1,3
西予市三瓶町津布理,西予市,屋上,2023/03/24 22:02:41,open,"737502-6,7,8","220,219,221",,3,,
松山市鴨川二丁目,松山市,コン柱,2022/07/24 19:05:22,open,"737287-7,8,9","49,50,48",,3,,
松山市安城寺町②,松山市,コン柱,2022/07/24 19:24:54,open,"737442-4,5,6","343,218,273",,3,,
松山市富久町②,松山市,コン柱,2023/05/10 13:52:02,open,"737561-1,2,3","138,131,196",,3,,
上浮穴郡久万高原町二名,久万高原町,衛星,2022/08/17 00:00:15,open,"742246-1
742247-1
742248-1","333,331,330",,3,,
東温市牛渕,東温市,屋上,2022/08/16 23:28:26,open,"737427-6,7,8","41,40,39",,3,,
東温市樋口②,東温市,ピコセル,2022/08/04 08:38:40,open,752280-2,383,,1,,
大洲市新谷③,大洲市,コン柱,2023/03/17 22:14:54,open,"737544-1,2","41,40",,2,,
西条市小松町大頭,西条市,コン柱,2023/03/21 18:24:57,open,737528-8,40,,1,,
伊予市米湊③,伊予市,コン柱,2023/03/21 17:44:55,open,"737481-3,4,5","272,270,373",,3,,
伊予市稲荷,伊予市,コン柱,2022/08/12 14:40:33,close,,,,0,,
喜多郡内子町臼杵,内子町,衛星,2022/08/28 19:54:26,open,742206-1,1,,1,,
西条市氷見丁,西条市,コン柱,2022/08/17 11:48:31,close,,,,,,
西条市黒瀬乙,西条市,コン柱,2023/04/23 21:51:40,open,"737518-10,11,12","193,11,9",,3,,
東温市横河原,東温市,ピコセル,2022/09/03 08:26:39,open,752280-3,398,,1,,
西条市周布,西条市,屋上,2023/04/28 22:42:34,open,"737547-6,7,8","69,144,236",,3,,
西条市小松町新屋敷②,西条市,コン柱,2023/03/21 18:02:09,open,"737522-2,3","232,188",,2,,
八幡浜市五反田,八幡浜市,屋上,2023/01/08 14:54:38,open,"737474-1,2,3","36,37,200",,3,,
八幡浜市保内町喜木津,八幡浜市,コン柱,2022/09/30 21:31:12,close,,,,,,
伊予市中山町中山③,伊予市,コン柱,2023/03/21 17:10:30,open,737521-10,4,,1,,
松山市余戸南五丁目,松山市,コン柱,2023/04/20 07:57:20,open,"737559-4,5,6","16,291,14",,3,,
松山市生石町,松山市,コン柱,2022/10/05 19:40:47,open,"737448-1,2,3","325,179,360",,3,,
四国中央市下川町,四国中央市,コン柱,2022/10/05 19:43:46,open,"737443-9,10,11","272,131,130",,3,,
東温市山之内④,東温市,au共用,2022/10/12 20:00:34,open,742227-1,1,,1,,
今治市伯方町木浦②,今治市,屋上,2022/11/28 21:03:49,open,"737452-6,7,8","364,323,223",,3,,
今治市唐子台東二丁目,今治市,コン柱,2023/04/23 18:30:31,open,"737510-7,8,9","55,333,29",,3,,
喜多郡内子町本川,内子町,コン柱,2022/11/04 10:57:29,open,"737452-9,10,11","322,323,321",,3,,
伊予郡松前町大字北黒田②,松前町,屋上,2023/03/25 23:59:24,open,"737531-10,11,12","234,235,83",,3,,
東温市松瀬川③,東温市,コン柱,2022/11/10 20:14:48,open,"737469-4,5,6","64,65,339",,3,,
宇和島市寄松,宇和島市,コン柱,2022/11/12 19:43:02,open,"737429-6,7","39,237",,2,,
西宇和郡伊方町名取,伊方町,コン柱,2023/03/30 14:55:35,open,"737552-1,2","241,378",,2,,
西条市藤之石７号,西条市,コン柱,2022/11/13 02:03:59,open,"737436-4,5,6","41,40,39",,3,,
今治市上浦町甘崎②,今治市,コン柱,2023/04/30 21:16:06,open,"737462-4,5,6","6,364,104",,3,,
北宇和郡鬼北町大字下鍵山③,鬼北町,コン柱,2023/03/19 20:36:02,open,737570-1,4,,1,,
八幡浜市矢野町,八幡浜市,屋上,2023/03/19 19:47:58,open,"737567-7,8,9","375,376,377",,3,,
上浮穴郡久万高原町東明神乙,久万高原町,コン柱,2023/03/19 20:04:20,open,"737529-5,6,7","39,40,41",CBSB838000734,3,,
今治市伯方町伊方,今治市,コン柱,2022/11/28 21:14:52,open,737470-2,360,CBSB838001054,1,,
伊予市三秋,伊予市,コン柱,2022/12/02 22:37:53,close,,,,,,
喜多郡内子町五十崎甲,内子町,コン柱,2022/12/02 22:39:43,close,,,,,,
宇和島市高串④,宇和島市,コン柱,2023/03/22 21:58:28,open,"737343-7,8","23,22",,2,,
西予市宇和町東多田,西予市,コン柱,2023/03/21 17:48:36,open,"737571-1,2,3","130,129,131",,3,,
西予市野村町野村③,西予市,コン柱,2022/12/07 22:05:38,open,"737451-7,8,9","105,107,106",,3,,
大洲市肱川町予子林,大洲市,コン柱,2023/04/28 18:21:11,ready,,,CBSB838000677,,,
伊予郡松前町大字北川原,松前町,コン柱,2023/03/25 23:54:35,open,"737531-7,8,9","346,29,330",,3,,
伊予市大平甲,伊予市,コン柱,2022/12/08 19:05:41,ready,,,,,,
今治市玉川町龍岡上,今治市,コン柱,2022/12/12 00:41:29,ready,,,,,,
今治市玉川町長谷②,今治市,コン柱,2023/04/03 21:32:22,open,737498-4,10,,1,,
今治市玉川町龍岡下,今治市,コン柱,2022/12/15 22:38:03,ready,,,,,,
西条市大町③,西条市,屋上,2023/05/04 20:12:26,open,"737517-7,8,9","278,70,18",,3,,
新居浜市南小松原町,新居浜市,屋上,2022/12/25 22:13:11,open,"737471-1,2,3","222,11,184",,3,,
喜多郡内子町城廻②,内子町,コン柱,2022/12/27 22:10:54,ready,,,,,,
西宇和郡伊方町塩成,伊方町,コン柱,2023/01/08 14:42:34,ready,,,,,,
八幡浜市保内町磯崎②,八幡浜市,コン柱,2023/03/19 19:43:30,open,"737528-1,2,3","23,21,22",,3,,
八幡浜市産業通,八幡浜市,屋上,2023/03/19 19:49:01,open,"737569-3,4,5","61,62,213",,3,,
西宇和郡伊方町二見,伊方町,コン柱,2023/01/10 19:52:45,ready,,,,,,
西宇和郡伊方町亀浦,伊方町,コン柱,2023/01/10 19:54:40,ready,,,,,,
西宇和郡伊方町川之浜②,伊方町,コン柱,2023/01/11 19:34:36,ready,,,,,,
今治市しまなみの杜,今治市,コン柱,2023/04/22 12:09:01,open,"737366-7,8,9","51,133,137",CBSB838001389,3,,
松山市溝辺町,松山市,コン柱,2023/03/03 20:27:09,ready,,,,0,,
伊予郡砥部町七折,砥部町,コン柱,2023/03/03 20:31:25,open,737554-4,23,,1,,
四国中央市川滝町下山②,四国中央市,コン柱,2023/03/03 20:56:56,open,737475-8,216,,1,,
伊予郡砥部町川登②,砥部町,コン柱,2023/03/04 20:15:08,open,737556-7,11,,1,,
喜多郡内子町小田,内子町,コン柱,2023/03/04 20:17:27,open,737522-1,4,,1,,
伊予郡砥部町外山,砥部町,コン柱,2023/03/14 19:34:00,open,737570-4,1,,1,,
松山市藤原二丁目,松山市,屋内,2023/03/14 19:36:10,open,747282-3,404,,1,,
伊予郡砥部町宮内③,砥部町,コン柱,2023/03/17 22:15:44,open,"737558-4,5,6","200,55,174",,3,,
北宇和郡松野町大字吉野,松野町,コン柱,2023/03/19 20:19:19,open,737550-5,10,,1,,
伊予市双海町上灘②,伊予市,コン柱,2023/03/21 17:03:59,close,,,,,,
伊予市双海町上灘③,伊予市,コン柱,2023/03/21 17:05:53,open,737567-10,90,,1,,
西条市丹原町楠窪①,西条市,衛星,2023/03/21 17:13:52,open,742207-1,1,,1,,
西条市丹原町楠窪②,西条市,衛星,2023/03/21 17:56:58,open,742262-1,2,CBSB838001605,1,,
八幡浜市日土町③,八幡浜市,コン柱,2023/03/24 21:53:15,ready,,,CBSB838000407,3,,
八幡浜市大正町,八幡浜市,屋上,2023/03/25 18:09:35,open,"737571-7,8,9","80,78,79",,3,,
伊予市中山町出渕①,伊予市,コン柱,2023/03/27 17:14:47,open,737527-10,2,,1,,
喜多郡内子町立山②,内子町,コン柱,2023/03/29 21:37:23,open,"737571-5,6","90,2",CBSB838001173,2,,
喜多郡内子町立山③,内子町,コン柱,2023/03/27 16:51:47,open,737479-10,5,,1,,
伊予市中山町出渕②,伊予市,コン柱,2023/03/28 20:59:34,open,737539-6,3,CBSB838001311,1,,
伊予市中山町中山卯,伊予市,コン柱,2023/03/28 21:08:07,open,737568-3,30,CBSB838001310,1,,
大洲市肱川町名荷谷,大洲市,au共用,2023/03/27 21:02:50,open,742230-1,1,,1,,
大洲市恋木甲,大洲市,コン柱,2023/03/28 20:58:28,open,"737568-4,5,6","10,11,12",CBSB838001266,3,,
喜多郡内子町論田,内子町,コン柱,2023/03/28 21:04:48,open,737557-5,92,CBSB838001191,1,,
喜多郡内子町福岡甲,内子町,コン柱,2023/03/29 21:34:55,open,737557-1,4,CBSB838001266,1,,
八幡浜市若山②,八幡浜市,コン柱,2023/03/28 21:02:57,open,737571-4,20,CBSB838001306,1,,
八幡浜市国木,八幡浜市,コン柱,2023/03/30 14:46:29,open,737569-6,181,CBSB838001349,1,,
西宇和郡伊方町高浦,伊方町,コン柱,2023/03/30 14:50:50,close,,,,,,
北宇和郡鬼北町大字川上,鬼北町,コン柱,2023/04/13 20:11:33,open,737551-10,20,,1,,
北宇和郡鬼北町大字上川,鬼北町,コン柱,2023/04/13 20:13:31,open,737579-4,20,CBSB838001459,1,,
宇和島市朝日町四丁目,宇和島市,屋上,2023/04/28 22:23:22,open,"737294-4,5,6","243,244,245",,3,,
宇和島市佐伯町二丁目,宇和島市,屋上,2023/04/13 20:20:52,ready,,,,,,
宇和島市山際四丁目,宇和島市,コン柱,2023/04/28 22:28:46,open,"737353-4,5,6","18,19,20",CBSB838001241,3,,
新居浜市船木⑤,新居浜市,コン柱,2023/04/16 11:04:27,open,737568-1,50,CBSB838001259,1,,
松山市井門町②,松山市,屋内,2023/04/16 14:15:12,ready,,,,,,
西条市丹原町寺尾,西条市,鉄塔,2023/04/16 18:43:43,ready,,,,2,,
八幡浜市郷②,八幡浜市,コン柱,2023/04/17 14:14:25,ready,,,,3,,
上浮穴郡久万高原町西明神②,久万高原町,コン柱,2023/04/19 23:39:43,open,737529-1,0,CBSB838001187,1,,
上浮穴郡久万高原町渋草,久万高原町,コン柱,2023/04/19 23:43:41,close,,,,,,
上浮穴郡久万高原町笠方①,久万高原町,衛星,2023/04/19 23:46:55,open,742223-1,1,,1,,
上浮穴郡久万高原町笠方②,久万高原町,衛星,2023/04/19 23:49:17,open,742222-1,1,,1,,
伊予市宮下②,伊予市,コン柱,2023/04/20 15:09:36,open,"737550-3,4","145,263",,2,,
喜多郡内子町立山③,内子町,コン柱,2023/04/20 15:29:40,open,737578-1,214,CBSB838001031,1,,
喜多郡内子町立石,内子町,コン柱,2023/04/20 16:08:55,open,737568-2,266,,1,,
喜多郡内子町重松甲,内子町,コン柱,2023/04/20 16:27:01,open,737576-1,265,CBSB838001276,1,,
喜多郡内子町五百木,内子町,コン柱,2023/04/20 15:48:35,close,,,,,,
伊予市双海町串②,伊予市,コン柱,2023/04/20 16:39:11,close,,,,,,
伊予市双海町高岸甲,伊予市,コン柱,2023/04/21 12:47:51,open,"737576-5,6,7","224,322,34",CBSB838001293,3,,
伊予市双海町上灘④,伊予市,コン柱,2023/04/21 12:56:11,open,737574-4,20,CBSB838001346,1,,
伊予市双海町上灘⑤,伊予市,コン柱,2023/04/21 15:00:34,close,,,,2,,
西予市明浜町俵津,西予市,コン柱,2023/04/22 16:24:53,close,,,CBSB838001045,3,,
西予市明浜町狩浜,西予市,コン柱,2023/04/22 16:49:28,open,"737523-4,5,6","117,373,374",,3,,
西予市明浜町高山,西予市,コン柱,2023/04/22 16:59:01,open,"737523-7,8,9","38,181,36",CBSB838000416,3,,
西予市三瓶町垣生,西予市,コン柱,2023/04/22 17:28:16,open,737575-5,10,,1,,
今治市砂場町二丁目,今治市,コン柱,2023/04/23 16:08:12,open,"737378-10,11,12","14,145,96",,3,,
東温市上林②,東温市,コン柱,2023/04/23 21:53:23,open,"737372-7,8,9","5,87,187",,3,,
上浮穴郡久万高原町黒藤川①,久万高原町,衛星,2023/04/28 22:26:36,open,742204-1,1,,1,,
喜多郡内子町川中②,内子町,コン柱,2023/04/27 16:26:10,open,737570-3,236,CBSB838001018,1,,
伊予市中山町中山④,伊予市,コン柱,2023/04/27 17:33:17,close,,,CBSB838001443,,,
伊予市中山町中山⑤,伊予市,コン柱,2023/04/27 17:32:10,close,,,,1,,
喜多郡内子町袋口,内子町,コン柱,2023/04/27 17:49:21,open,737572-4,10,,1,,
上浮穴郡久万高原町菅生,久万高原町,ピコセル,2023/04/27 19:19:48,open,752280-5,395,,1,,
上浮穴郡久万高原町黒藤川②,久万高原町,衛星,2023/04/27 19:57:58,open,742240-1,1,CBSB838001540,1,,
上浮穴郡久万高原町黒藤川③,久万高原町,衛星,2023/04/27 20:02:05,open,742241-1,2,CBSB838001544,1,,
今治市朝倉上甲,今治市,コン柱,2023/04/28 21:31:46,open,737574-1,10,,1,,
今治市大三島町宮浦②,今治市,コン柱,2023/04/30 21:20:07,open,737470-1,260,CBSB838001210,1,,
今治市大三島町明日,今治市,コン柱,2023/04/30 21:24:47,open,737470-3,171,,1,,
今治市大三島町台,今治市,コン柱,2023/04/30 21:29:10,open,737468-7,287,CBSB838001063,1,,
今治市大三島町野々江,今治市,コン柱,2023/04/30 21:36:22,open,"737452-3,4,5","144,143,291",,3,,
今治市吉海町本庄②,今治市,コン柱,2023/04/30 21:43:42,open,"737566-4,5","359,49",,2,,
今治市上浦町瀬戸②,今治市,コン柱,2023/04/30 21:47:05,ready,,,,3,,
今治市吉海町名,今治市,コン柱,2023/04/30 21:49:06,open,737566-6,228,,1,,
伊予市中山町出渕③,伊予市,コン柱,2023/05/01 20:52:28,open,737480-4,1,CBSB838001315,1,,
西条市丹原町川根,西条市,コン柱,2023/05/02 21:21:00,open,737546-4,252,,1,,
松山市道後姫塚,松山市,屋上,2023/05/04 15:46:19,open,"737448-4,5,6","216,50,40",,3,,
松山市柳谷町乙,松山市,屋上,2023/05/04 16:26:35,open,"737563-10,11,12","263,46,213",,3,,
松山市本町２丁目,松山市,屋上,2023/05/04 16:55:16,open,"737476-7,8,9","57,217,347",,3,,
西条市中野甲,西条市,コン柱,2023/05/04 20:57:01,open,"737517-1,2,3","90,208,92",,3,,
四国中央市土居町上野②,四国中央市,コン柱,2023/05/04 22:45:36,open,737509-1,140,CBSB838001256,1,,
西条市小松町大郷,西条市,コン柱,2023/05/05 23:55:20,open,737528-7,291,,1,,
松山市永木町２丁目,松山市,屋上,2023/05/10 15:27:10,open,"737577-1,2","75,166",,2,,
大洲市中村,大洲市,,2023/05/11 22:16:52,close,,,,1,,
東温市下林②,東温市,コン柱,2023/05/11 21:14:41,open,737372-10,313,CBSB838001481,1,,
